0,0.0,0.0
1,0.0,0.0
2,0.0,0.0
3,0.0,0.0
4,0.0,0.0
5,0.0,0.0
6,0.0,0.0
7,0.0,0.0
8,0.0,0.0
9,0.0,0.0
10,0.0,0.0
11,0.0,0.0
12,0.0,0.0
13,0.0,0.0
14,0.0,0.0
15,0.0,0.0
16,0.0,0.0
17,0.4329,0.4329
18,0.4329,0.4329
19,0.4634,0.4634
20,0.4634,0.4634
21,0.4634,0.4634
22,0.4634,0.4634
23,0.4045,0.4634
24,0.4045,0.4634
25,0.4045,0.4634
26,0.4045,0.4634
27,0.4525,0.4634
28,0.4525,0.4634
29,0.4525,0.4634
30,0.4525,0.4634
31,0.3669,0.4634
32,0.3669,0.4634
33,0.3669,0.4634
34,0.3669,0.4634
35,0.3669,0.4634
36,0.3669,0.4634
37,0.3669,0.4634
38,0.3669,0.4634
39,0.3669,0.4634
40,0.3669,0.4634
41,0.3669,0.4876
42,0.3669,0.4876
43,0.3669,0.4876
44,0.3669,0.4876
45,0.3873,0.4876
46,0.3873,0.4876
47,0.3873,0.5239
48,0.3873,0.5239
49,0.4867,0.5239
50,0.4867,0.5239
51,0.4311,0.5239
52,0.4311,0.5239
53,0.3742,0.5239
54,0.3742,0.5239
55,0.4193,0.5239
56,0.4193,0.5239
57,0.4193,0.5239
58,0.4193,0.5239
59,0.479,0.5239
60,0.479,0.5239
61,0.4683,0.5239
62,0.4683,0.5239
63,0.4563,0.5239
64,0.4563,0.5239
65,0.4955,0.5239
66,0.4955,0.5239
67,0.4843,0.5239
68,0.4843,0.5239
69,0.4547,0.5239
70,0.4547,0.5239
71,0.4594,0.5239
72,0.4594,0.5239
73,0.5132,0.5239
74,0.5132,0.5239
75,0.4384,0.5239
76,0.4384,0.5239
77,0.4384,0.5239
78,0.4384,0.5239
79,0.5164,0.5239
80,0.5164,0.5239
81,0.5018,0.5239
82,0.5018,0.5239
83,0.4669,0.5239
84,0.4669,0.5239
85,0.4669,0.5239
86,0.4669,0.5239
87,0.4669,0.5239
88,0.4669,0.5239
89,0.4759,0.5239
90,0.4759,0.5239
91,0.4443,0.5239
92,0.4443,0.5239
93,0.491,0.5239
94,0.491,0.5239
95,0.412,0.5239
96,0.412,0.5239
97,0.5281,0.5281
98,0.5281,0.5281
99,0.4429,0.5281
100,0.4429,0.5281
101,0.4429,0.5281
102,0.4429,0.5281
103,0.4838,0.5281
104,0.4838,0.5281
105,0.4838,0.5281
106,0.4838,0.5281
107,0.4799,0.5281
108,0.4799,0.5281
109,0.4799,0.5281
110,0.4799,0.5281
111,0.519,0.5281
112,0.519,0.5281
113,0.4754,0.5281
114,0.4754,0.5281
115,0.4597,0.5281
116,0.4597,0.5281
117,0.4901,0.5281
118,0.4901,0.5281
119,0.4901,0.5281
120,0.4901,0.5281
121,0.4901,0.5281
122,0.4901,0.5281
123,0.4017,0.5281
124,0.4017,0.5281
125,0.4537,0.5281
126,0.4537,0.5281
127,0.467,0.5281
128,0.467,0.5281
129,0.5412,0.5412
130,0.5412,0.5412
131,0.519,0.5412
132,0.519,0.5412
133,0.519,0.5412
134,0.519,0.5412
135,0.519,0.5412
136,0.519,0.5412
137,0.519,0.5412
138,0.519,0.5412
139,0.519,0.5412
140,0.519,0.5412
141,0.519,0.5412
142,0.519,0.5412
143,0.519,0.5412
144,0.519,0.5412
145,0.519,0.5412
146,0.519,0.5412
147,0.4769,0.5412
148,0.4769,0.5412
149,0.4769,0.5412
150,0.4769,0.5412
151,0.4769,0.5412
152,0.4769,0.5412
153,0.4769,0.5412
154,0.4769,0.5412
155,0.431,0.5412
156,0.431,0.5412
157,0.4684,0.5412
158,0.4684,0.5412
159,0.5354,0.5412
160,0.5354,0.5412
161,0.5354,0.5412
162,0.5354,0.5412
163,0.4976,0.5412
164,0.4976,0.5412
165,0.5017,0.5412
166,0.5017,0.5412
167,0.4071,0.5412
168,0.4071,0.5412
169,0.4071,0.5412
170,0.4071,0.5412
171,0.4071,0.5412
172,0.4071,0.5412
173,0.4071,0.5412
174,0.4071,0.5412
175,0.4616,0.5412
176,0.4616,0.5412
177,0.4616,0.5412
178,0.4616,0.5412
179,0.4616,0.5412
180,0.4616,0.5412
181,0.4616,0.5412
182,0.4616,0.5412
183,0.4616,0.5412
184,0.4616,0.5412
185,0.4616,0.5412
186,0.4616,0.5412
187,0.4796,0.5412
188,0.4796,0.5412
189,0.4796,0.5412
190,0.4796,0.5412
191,0.4695,0.5412
192,0.4695,0.5412
193,0.4695,0.5412
194,0.4695,0.5412
195,0.4482,0.5412
196,0.4482,0.5412
197,0.4482,0.5412
198,0.4482,0.5412
199,0.5333,0.5412
200,0.5333,0.5412
201,0.4962,0.5412
202,0.4962,0.5412
203,0.4847,0.5412
204,0.4847,0.5412
205,0.4847,0.5412
206,0.4847,0.5412
207,0.4708,0.5412
208,0.4708,0.5412
209,0.4708,0.5412
210,0.4708,0.5412
211,0.4708,0.5412
212,0.4708,0.5412
213,0.4708,0.5412
214,0.4708,0.5412
215,0.4708,0.5412
216,0.4708,0.5412
217,0.4708,0.5412
218,0.4708,0.5412
219,0.4816,0.5412
220,0.4816,0.5412
221,0.4772,0.5412
222,0.4772,0.5412
223,0.4713,0.5412
224,0.4713,0.5412
225,0.4829,0.5412
226,0.4829,0.5412
227,0.4524,0.5412
228,0.4524,0.5412
229,0.4524,0.5412
230,0.4524,0.5412
231,0.4524,0.5412
232,0.4524,0.5412
233,0.4805,0.5412
234,0.4805,0.5412
235,0.474,0.5412
236,0.474,0.5412
237,0.474,0.5412
238,0.474,0.5412
239,0.5025,0.5412
240,0.5025,0.5412
241,0.5025,0.5412
242,0.5025,0.5412
243,0.5025,0.5412
244,0.5025,0.5412
245,0.5025,0.5412
246,0.5025,0.5412
247,0.4642,0.5412
248,0.4642,0.5412
249,0.4642,0.5412
250,0.4642,0.5412
251,0.4795,0.5412
252,0.4795,0.5412
253,0.4177,0.5412
254,0.4177,0.5412
255,0.4548,0.5412
256,0.4548,0.5412
257,0.5131,0.5412
258,0.5131,0.5412
259,0.5131,0.5412
260,0.5131,0.5412
261,0.5131,0.5412
262,0.5131,0.5412
263,0.5131,0.5412
264,0.5131,0.5412
265,0.5131,0.5412
266,0.5131,0.5412
267,0.5155,0.5412
268,0.5155,0.5412
269,0.5155,0.5412
270,0.5155,0.5412
271,0.5155,0.5412
272,0.5155,0.5412
273,0.5155,0.5412
274,0.5155,0.5412
275,0.5155,0.5412
276,0.5155,0.5412
277,0.5155,0.5412
278,0.5155,0.5412
279,0.5155,0.5412
280,0.5155,0.5412
281,0.5155,0.5412
282,0.5155,0.5412
283,0.4736,0.5412
284,0.4736,0.5412
285,0.4739,0.5412
286,0.4739,0.5412
287,0.5371,0.5412
288,0.5371,0.5412
289,0.498,0.5412
290,0.498,0.5412
291,0.4563,0.5412
292,0.4563,0.5412
293,0.4563,0.5412
294,0.4563,0.5412
295,0.4572,0.5412
296,0.4572,0.5412
297,0.4855,0.5412
298,0.4855,0.5412
299,0.5131,0.5412
300,0.5131,0.5412
301,0.5041,0.5412
302,0.5041,0.5412
303,0.5041,0.5412
304,0.5041,0.5412
305,0.5041,0.5412
306,0.5041,0.5412
307,0.5041,0.5412
308,0.5041,0.5412
309,0.5041,0.5412
310,0.5041,0.5412
311,0.5041,0.5412
312,0.5041,0.5412
313,0.5041,0.5412
314,0.5041,0.5412
315,0.5026,0.5412
316,0.5026,0.5412
317,0.5209,0.5412
318,0.5209,0.5412
319,0.5209,0.5412
320,0.5209,0.5412
321,0.5312,0.5412
322,0.5312,0.5412
323,0.5312,0.5412
324,0.5312,0.5412
325,0.5164,0.5412
326,0.5164,0.5412
327,0.5164,0.5412
328,0.5164,0.5412
329,0.5164,0.5412
330,0.5164,0.5412
331,0.4772,0.5412
332,0.4772,0.5412
333,0.4622,0.5412
334,0.4622,0.5412
335,0.4622,0.5412
336,0.4622,0.5412
337,0.5372,0.5412
338,0.5372,0.5412
339,0.4627,0.5412
340,0.4627,0.5412
341,0.4627,0.5412
342,0.4627,0.5412
343,0.4627,0.5412
344,0.4627,0.5412
345,0.4627,0.5412
346,0.4627,0.5412
347,0.4738,0.5412
348,0.4738,0.5412
349,0.4721,0.5412
350,0.4721,0.5412
351,0.4721,0.5412
352,0.4721,0.5412
353,0.4807,0.5412
354,0.4807,0.5412
355,0.5122,0.5412
356,0.5122,0.5412
357,0.4885,0.5412
358,0.4885,0.5412
359,0.4859,0.5412
360,0.4859,0.5412
361,0.4859,0.5412
362,0.4859,0.5412
363,0.4859,0.5412
364,0.4859,0.5412
365,0.4775,0.5412
366,0.4775,0.5412
367,0.5264,0.5412
368,0.5264,0.5412
369,0.5321,0.5412
370,0.5321,0.5412
371,0.5321,0.5412
372,0.5321,0.5412
373,0.5321,0.5412
374,0.5321,0.5412
375,0.5321,0.5412
376,0.5321,0.5412
377,0.5321,0.5412
378,0.5321,0.5412
379,0.5301,0.5412
380,0.5301,0.5412
381,0.5114,0.5412
382,0.5114,0.5412
383,0.3858,0.5412
384,0.3858,0.5412
385,0.4536,0.5412
386,0.4882,0.5412
387,0.4882,0.5412
388,0.4882,0.5412
389,0.4882,0.5412
390,0.533,0.5412
391,0.533,0.5412
392,0.4788,0.5412
393,0.4788,0.5412
394,0.4788,0.5412
395,0.4788,0.5412
396,0.4788,0.5412
397,0.4788,0.5412
398,0.4788,0.5412
399,0.4603,0.5412
0,0.0,0.0
1,0.0,0.0
2,0.0,0.0
3,0.0,0.0
4,0.0,0.0
5,0.0,0.0
6,0.0,0.0
7,0.0,0.0
8,0.0,0.0
9,0.0,0.0
10,0.0,0.0
11,0.0,0.0
12,0.0,0.0
13,0.0,0.0
14,0.0,0.0
15,0.0,0.0
16,0.0,0.0
17,0.5068,0.5068
18,0.5068,0.5068
19,0.5068,0.5068
20,0.5068,0.5068
21,0.5011,0.5068
22,0.5011,0.5068
23,0.5011,0.5068
24,0.5011,0.5068
25,0.5011,0.5068
26,0.5011,0.5068
27,0.5011,0.5068
28,0.5011,0.5068
29,0.5011,0.5068
30,0.5011,0.5068
31,0.4738,0.5068
32,0.4738,0.5068
33,0.4738,0.5068
34,0.4738,0.5068
35,0.5362,0.5362
36,0.5362,0.5362
37,0.5362,0.5362
38,0.5362,0.5362
39,0.5362,0.5362
40,0.5362,0.5362
41,0.5362,0.5362
42,0.5362,0.5362
43,0.5362,0.5362
44,0.5362,0.5362
45,0.5362,0.5362
46,0.5362,0.5362
47,0.5263,0.5362
48,0.5263,0.5362
49,0.4715,0.5362
50,0.4715,0.5362
51,0.4835,0.5362
52,0.4835,0.5362
53,0.4315,0.5362
54,0.4315,0.5362
55,0.4315,0.5362
56,0.4315,0.5362
57,0.5214,0.5362
58,0.5214,0.5362
59,0.5005,0.5362
60,0.5005,0.5362
61,0.4759,0.5362
62,0.4759,0.5362
63,0.4759,0.5362
64,0.4759,0.5362
65,0.5178,0.5362
66,0.5178,0.5362
67,0.4649,0.5362
68,0.4649,0.5362
69,0.4803,0.5362
70,0.4803,0.5362
71,0.484,0.5362
72,0.484,0.5362
73,0.484,0.5362
74,0.484,0.5362
75,0.484,0.5362
76,0.484,0.5362
77,0.484,0.5362
78,0.484,0.5362
79,0.484,0.5362
80,0.484,0.5362
81,0.5181,0.5362
82,0.5181,0.5362
83,0.4773,0.5362
84,0.4773,0.5362
85,0.4997,0.5362
86,0.4997,0.5362
87,0.4598,0.5362
88,0.4598,0.5362
89,0.4441,0.5362
90,0.4441,0.5362
91,0.4441,0.5362
92,0.4441,0.5362
93,0.4548,0.5362
94,0.4548,0.5362
95,0.4478,0.5362
96,0.4478,0.5362
97,0.4478,0.5362
98,0.4478,0.5362
99,0.4478,0.5362
100,0.4478,0.5362
101,0.5026,0.5362
102,0.5026,0.5362
103,0.483,0.5362
104,0.483,0.5362
105,0.483,0.5362
106,0.483,0.5362
107,0.4917,0.5362
108,0.4917,0.5362
109,0.4917,0.5362
110,0.4917,0.5362
111,0.4917,0.5362
112,0.4917,0.5362
113,0.49,0.5362
114,0.49,0.5362
115,0.5158,0.5362
116,0.5158,0.5362
117,0.5037,0.5362
118,0.5037,0.5362
119,0.5004,0.5362
120,0.5004,0.5362
121,0.4485,0.5362
122,0.4485,0.5362
123,0.4337,0.5362
124,0.4337,0.5362
125,0.4337,0.5362
126,0.4337,0.5362
127,0.4586,0.5362
128,0.4586,0.5362
129,0.5109,0.5362
130,0.5109,0.5362
131,0.5109,0.5362
132,0.5109,0.5362
133,0.5109,0.5362
134,0.5109,0.5362
135,0.5346,0.5362
136,0.5346,0.5362
137,0.4818,0.5362
138,0.4818,0.5362
139,0.4818,0.5362
140,0.4818,0.5362
141,0.4818,0.5362
142,0.4818,0.5362
143,0.4818,0.5362
144,0.4818,0.5362
145,0.4304,0.5362
146,0.4304,0.5362
147,0.4997,0.5362
148,0.4997,0.5362
149,0.4997,0.5362
150,0.4997,0.5362
151,0.5013,0.5362
152,0.5013,0.5362
153,0.4809,0.5362
154,0.4809,0.5362
155,0.4809,0.5362
156,0.4809,0.5362
157,0.4828,0.5362
158,0.4828,0.5362
159,0.4584,0.5362
160,0.4584,0.5362
161,0.4584,0.5362
162,0.4584,0.5362
163,0.4584,0.5362
164,0.4584,0.5362
165,0.4584,0.5362
166,0.4584,0.5362
167,0.5195,0.5362
168,0.5195,0.5362
169,0.5195,0.5362
170,0.5195,0.5362
171,0.4997,0.5362
172,0.4997,0.5362
173,0.4997,0.5362
174,0.4997,0.5362
175,0.4997,0.5434
176,0.4997,0.5434
177,0.4977,0.5434
178,0.4977,0.5434
179,0.4937,0.5434
180,0.4937,0.5434
181,0.4872,0.5434
182,0.4872,0.5434
183,0.4872,0.5434
184,0.4872,0.5434
185,0.4844,0.5434
186,0.4844,0.5434
187,0.5334,0.5434
188,0.5334,0.5434
189,0.5,0.5434
190,0.5,0.5434
191,0.5,0.5434
192,0.5,0.5434
193,0.4922,0.5434
194,0.4922,0.5434
195,0.4394,0.5434
196,0.4394,0.5434
197,0.5076,0.5434
198,0.5076,0.5434
199,0.4556,0.5434
200,0.4556,0.5434
201,0.4556,0.5434
202,0.4556,0.5434
203,0.4556,0.5434
204,0.4556,0.5434
205,0.4556,0.5434
206,0.4556,0.5434
207,0.528,0.5434
208,0.528,0.5434
209,0.4684,0.5434
210,0.4684,0.5434
211,0.5351,0.5434
212,0.5351,0.5434
213,0.5105,0.5434
214,0.5105,0.5434
215,0.5105,0.5434
216,0.5105,0.5434
217,0.5013,0.5434
218,0.5013,0.5434
219,0.4808,0.5434
220,0.4808,0.5434
221,0.5029,0.5434
222,0.5029,0.5434
223,0.5054,0.5434
224,0.5054,0.5434
225,0.507,0.5434
226,0.507,0.5434
227,0.507,0.5434
228,0.507,0.5434
229,0.507,0.5434
230,0.507,0.5434
231,0.507,0.5434
232,0.507,0.5434
233,0.4728,0.5434
234,0.4728,0.5434
235,0.4728,0.5434
236,0.4728,0.5434
237,0.4728,0.5434
238,0.4728,0.5434
239,0.4728,0.5434
240,0.4728,0.5434
241,0.5235,0.5434
242,0.5235,0.5434
243,0.4805,0.5434
244,0.4805,0.5434
245,0.4466,0.5434
246,0.4466,0.5434
247,0.4466,0.5434
248,0.4466,0.5434
249,0.4466,0.5434
250,0.4466,0.5434
251,0.4466,0.5434
252,0.4466,0.5434
253,0.4926,0.5434
254,0.4926,0.5434
255,0.4859,0.5434
256,0.4859,0.5434
257,0.4859,0.5434
258,0.4859,0.5434
259,0.4859,0.5434
260,0.4859,0.5434
261,0.4635,0.5434
262,0.4635,0.5434
263,0.4635,0.5434
264,0.4635,0.5434
265,0.5225,0.5434
266,0.5225,0.5434
267,0.5225,0.5434
268,0.5225,0.5434
269,0.5225,0.5434
270,0.5225,0.5434
271,0.504,0.5434
272,0.504,0.5434
273,0.4561,0.5434
274,0.4561,0.5434
275,0.4492,0.5434
276,0.4492,0.5434
277,0.5398,0.5434
278,0.5398,0.5434
279,0.5398,0.5434
280,0.5398,0.5434
281,0.4255,0.5434
282,0.4255,0.5434
283,0.463,0.5434
284,0.463,0.5434
285,0.4547,0.5434
286,0.4547,0.5434
287,0.4915,0.5434
288,0.4915,0.5434
289,0.4915,0.5434
290,0.4915,0.5434
291,0.5071,0.5434
292,0.5071,0.5434
293,0.5071,0.5434
294,0.5071,0.5434
295,0.5071,0.5434
296,0.5071,0.5434
297,0.4834,0.5434
298,0.4834,0.5434
299,0.4834,0.5434
300,0.4834,0.5434
301,0.4834,0.5434
302,0.4834,0.5434
303,0.4834,0.5434
304,0.4834,0.5434
305,0.4725,0.5434
306,0.4725,0.5434
307,0.5317,0.5434
308,0.5317,0.5434
309,0.5317,0.5434
310,0.5317,0.5434
311,0.5419,0.5434
312,0.5419,0.5434
313,0.5419,0.5434
314,0.5419,0.5434
315,0.5064,0.5434
316,0.5064,0.5434
317,0.5179,0.5434
318,0.5179,0.5434
319,0.5179,0.5434
320,0.5179,0.5434
321,0.5179,0.5434
322,0.5179,0.5434
323,0.4838,0.5434
324,0.4838,0.5434
325,0.4838,0.5434
326,0.4838,0.5434
327,0.5044,0.5434
328,0.5044,0.5434
329,0.5044,0.5434
330,0.5044,0.5434
331,0.5354,0.5434
332,0.5354,0.5434
333,0.5354,0.5434
334,0.5354,0.5434
335,0.5354,0.5434
336,0.5354,0.5434
337,0.438,0.5434
338,0.438,0.5434
339,0.4826,0.5434
340,0.4826,0.5434
341,0.4834,0.5434
342,0.4834,0.5434
343,0.5339,0.5434
344,0.5339,0.5434
345,0.5273,0.5434
346,0.5273,0.5434
347,0.5273,0.5434
348,0.5273,0.5434
349,0.5273,0.5434
350,0.5273,0.5434
351,0.5273,0.5434
352,0.5273,0.5434
353,0.5005,0.5434
354,0.5005,0.5434
355,0.4477,0.5434
356,0.4477,0.5434
357,0.4477,0.5434
358,0.4477,0.5434
359,0.4477,0.5434
360,0.4477,0.5434
361,0.4917,0.5434
362,0.4917,0.5434
363,0.4917,0.5434
364,0.4917,0.5434
365,0.4917,0.5434
366,0.4917,0.5434
367,0.4917,0.5434
368,0.4917,0.5434
369,0.4632,0.5434
370,0.4632,0.5434
371,0.5086,0.5434
372,0.5086,0.5434
373,0.5001,0.5434
374,0.5001,0.5434
375,0.4604,0.5434
376,0.4604,0.5434
377,0.4604,0.5434
378,0.4604,0.5434
379,0.4442,0.5434
380,0.4442,0.5434
381,0.4739,0.5434
382,0.4739,0.5434
383,0.4739,0.5434
384,0.4739,0.5434
385,0.468,0.5434
386,0.468,0.5434
387,0.468,0.5434
388,0.468,0.5434
389,0.468,0.5434
390,0.468,0.5434
391,0.468,0.5434
392,0.468,0.5434
393,0.5116,0.5434
394,0.4702,0.5434
395,0.4702,0.5434
396,0.4702,0.5434
397,0.4702,0.5434
398,0.4878,0.5434
399,0.4878,0.5434
0,0.0,0.0
1,0.0,0.0
2,0.0,0.0
3,0.0,0.0
4,0.0,0.0
5,0.0,0.0
6,0.0,0.0
7,0.0,0.0
8,0.0,0.0
9,0.0,0.0
10,0.0,0.0
11,0.0,0.0
12,0.0,0.0
13,0.0,0.0
14,0.0,0.0
15,0.0,0.0
16,0.0,0.0
17,0.4377,0.4377
18,0.4377,0.4377
19,0.443,0.443
20,0.443,0.443
21,0.4754,0.4754
22,0.4754,0.4754
23,0.4808,0.4808
24,0.4808,0.4808
25,0.4629,0.4808
26,0.4629,0.4808
27,0.4443,0.4808
28,0.4443,0.4808
29,0.4443,0.4808
30,0.4443,0.4808
31,0.4443,0.4808
32,0.4443,0.4808
33,0.4443,0.4983
34,0.4443,0.4983
35,0.4443,0.4983
36,0.4443,0.4983
37,0.4443,0.4983
38,0.4443,0.4983
39,0.4443,0.4983
40,0.4443,0.4983
41,0.4443,0.4983
42,0.4443,0.4983
43,0.4443,0.4983
44,0.4443,0.4983
45,0.4443,0.4983
46,0.4443,0.4983
47,0.4606,0.4983
48,0.4606,0.4983
49,0.4819,0.4983
50,0.4819,0.4983
51,0.4018,0.4983
52,0.4018,0.4983
53,0.4795,0.4983
54,0.4795,0.4983
55,0.4795,0.4983
56,0.4795,0.4983
57,0.4733,0.4983
58,0.4733,0.4983
59,0.4733,0.4984
60,0.4733,0.4984
61,0.4814,0.4984
62,0.4814,0.4984
63,0.4814,0.4984
64,0.4814,0.4984
65,0.4677,0.4984
66,0.4677,0.4984
67,0.4696,0.4984
68,0.4696,0.4984
69,0.4696,0.5085
70,0.4696,0.5085
71,0.4696,0.5085
72,0.4696,0.5085
73,0.4696,0.5085
74,0.4696,0.5085
75,0.4696,0.5085
76,0.4696,0.5085
77,0.4696,0.5085
78,0.4696,0.5085
79,0.4696,0.5085
80,0.4696,0.5085
81,0.4309,0.5085
82,0.4309,0.5085
83,0.4831,0.5085
84,0.4831,0.5085
85,0.402,0.5085
86,0.402,0.5085
87,0.4116,0.5085
88,0.4116,0.5085
89,0.5172,0.5172
90,0.5172,0.5172
91,0.5172,0.5172
92,0.5172,0.5172
93,0.4659,0.5172
94,0.4659,0.5172
95,0.5215,0.5215
96,0.5215,0.5215
97,0.5215,0.5243
98,0.5215,0.5243
99,0.4933,0.5243
100,0.4933,0.5243
101,0.4933,0.5243
102,0.4933,0.5243
103,0.4643,0.5243
104,0.4643,0.5243
105,0.4897,0.5243
106,0.4897,0.5243
107,0.4897,0.5243
108,0.4897,0.5243
109,0.4897,0.5243
110,0.4897,0.5243
111,0.4897,0.5243
112,0.4897,0.5243
113,0.3863,0.5243
114,0.3863,0.5243
115,0.4812,0.5243
116,0.4812,0.5243
117,0.449,0.5243
118,0.449,0.5243
119,0.4869,0.5243
120,0.4869,0.5243
121,0.5088,0.5243
122,0.5088,0.5243
123,0.4634,0.5243
124,0.4634,0.5243
125,0.4511,0.5243
126,0.4511,0.5243
127,0.4511,0.5243
128,0.4511,0.5243
129,0.4511,0.5243
130,0.4511,0.5243
131,0.5054,0.5243
132,0.5054,0.5243
133,0.4991,0.5243
134,0.4991,0.5243
135,0.4991,0.5243
136,0.4991,0.5243
137,0.4991,0.5243
138,0.4991,0.5243
139,0.4991,0.5243
140,0.4991,0.5243
141,0.4991,0.5243
142,0.4991,0.5243
143,0.4991,0.5243
144,0.4991,0.5243
145,0.4164,0.5243
146,0.4164,0.5243
147,0.511,0.5243
148,0.511,0.5243
149,0.511,0.5243
150,0.511,0.5243
151,0.4857,0.5243
152,0.4857,0.5243
153,0.4857,0.5243
154,0.4857,0.5243
155,0.4979,0.5243
156,0.4979,0.5243
157,0.4053,0.5243
158,0.4053,0.5243
159,0.4413,0.5243
160,0.4413,0.5243
161,0.4413,0.5243
162,0.4413,0.5243
163,0.4619,0.5243
164,0.4619,0.5243
165,0.4619,0.5243
166,0.4619,0.5243
167,0.4619,0.5243
168,0.4619,0.5243
169,0.4619,0.5243
170,0.4619,0.5243
171,0.4619,0.5243
172,0.4619,0.5243
173,0.4619,0.5243
174,0.4619,0.5243
175,0.454,0.5243
176,0.454,0.5243
177,0.4841,0.5243
178,0.4841,0.5243
179,0.4815,0.5243
180,0.4815,0.5243
181,0.4842,0.5243
182,0.4842,0.5243
183,0.5116,0.5243
184,0.5116,0.5243
185,0.5116,0.5243
186,0.5116,0.5243
187,0.438,0.5243
188,0.438,0.5243
189,0.5097,0.5243
190,0.5097,0.5243
191,0.4106,0.5243
192,0.4106,0.5243
193,0.4106,0.5243
194,0.4106,0.5243
195,0.4106,0.5243
196,0.4106,0.5243
197,0.4305,0.5243
198,0.4305,0.5243
199,0.4305,0.5243
200,0.4305,0.5243
201,0.4305,0.5243
202,0.4305,0.5243
203,0.4881,0.5243
204,0.4881,0.5243
205,0.4881,0.5243
206,0.4881,0.5243
207,0.4881,0.5243
208,0.4881,0.5243
209,0.4631,0.5243
210,0.4631,0.5243
211,0.4631,0.5243
212,0.4631,0.5243
213,0.5072,0.5243
214,0.5072,0.5243
215,0.4704,0.5243
216,0.4704,0.5243
217,0.4704,0.5243
218,0.4704,0.5243
219,0.4704,0.5243
220,0.4704,0.5243
221,0.4683,0.5243
222,0.4683,0.5243
223,0.4687,0.5243
224,0.4687,0.5243
225,0.4687,0.5334
226,0.4687,0.5334
227,0.4687,0.5334
228,0.4687,0.5334
229,0.4687,0.5334
230,0.4687,0.5334
231,0.4687,0.5334
232,0.4687,0.5334
233,0.4927,0.5334
234,0.4927,0.5334
235,0.4927,0.5334
236,0.4927,0.5334
237,0.4927,0.5334
238,0.4927,0.5334
239,0.4927,0.5334
240,0.4927,0.5334
241,0.4761,0.5334
242,0.4761,0.5334
243,0.4779,0.5334
244,0.4779,0.5334
245,0.4423,0.5334
246,0.4423,0.5334
247,0.5217,0.5334
248,0.5217,0.5334
249,0.4536,0.5334
250,0.4536,0.5334
251,0.3986,0.5334
252,0.3986,0.5334
253,0.3986,0.5334
254,0.3986,0.5334
255,0.3986,0.5334
256,0.3986,0.5334
257,0.3986,0.5334
258,0.3986,0.5334
259,0.4512,0.5334
260,0.4512,0.5334
261,0.4512,0.5334
262,0.4512,0.5334
263,0.4512,0.5334
264,0.4512,0.5334
265,0.4512,0.5334
266,0.4512,0.5334
267,0.4512,0.5334
268,0.4512,0.5334
269,0.4512,0.5334
270,0.4512,0.5334
271,0.4512,0.5334
272,0.4512,0.5334
273,0.5114,0.5334
274,0.5114,0.5334
275,0.4513,0.5334
276,0.4513,0.5334
277,0.5136,0.5334
278,0.5136,0.5334
279,0.4092,0.5334
280,0.4092,0.5334
281,0.4257,0.5334
282,0.4257,0.5334
283,0.4585,0.5334
284,0.4585,0.5334
285,0.4585,0.5334
286,0.4585,0.5334
287,0.4585,0.5334
288,0.4585,0.5334
289,0.4408,0.5334
290,0.4408,0.5334
291,0.513,0.5334
292,0.513,0.5334
293,0.4777,0.5334
294,0.4777,0.5334
295,0.4498,0.5334
296,0.4498,0.5334
297,0.4498,0.5334
298,0.4498,0.5334
299,0.4498,0.5334
300,0.4498,0.5334
301,0.4735,0.5334
302,0.4735,0.5334
303,0.4735,0.5334
304,0.4735,0.5334
305,0.4813,0.5334
306,0.4813,0.5334
307,0.4305,0.5334
308,0.4305,0.5334
309,0.4305,0.5334
310,0.4305,0.5334
311,0.4767,0.5334
312,0.4767,0.5334
313,0.4632,0.5334
314,0.4632,0.5334
315,0.4632,0.5334
316,0.4632,0.5334
317,0.4632,0.5334
318,0.4632,0.5334
319,0.4632,0.5334
320,0.4632,0.5334
321,0.4723,0.5334
322,0.4723,0.5334
323,0.5021,0.5334
324,0.5021,0.5334
325,0.4571,0.5334
326,0.4571,0.5334
327,0.4571,0.5334
328,0.4571,0.5334
329,0.4571,0.5334
330,0.4571,0.5334
331,0.4571,0.5334
332,0.4571,0.5334
333,0.4571,0.5334
334,0.4571,0.5334
335,0.4571,0.5334
336,0.4571,0.5334
337,0.4996,0.5334
338,0.4996,0.5334
339,0.4974,0.5334
340,0.4974,0.5334
341,0.4974,0.5334
342,0.4974,0.5334
343,0.4974,0.5334
344,0.4974,0.5334
345,0.4974,0.5334
346,0.4974,0.5334
347,0.4974,0.5334
348,0.4974,0.5334
349,0.457,0.5334
350,0.457,0.5334
351,0.457,0.5334
352,0.457,0.5334
353,0.457,0.5334
354,0.457,0.5334
355,0.5068,0.5334
356,0.5068,0.5334
357,0.5068,0.5334
358,0.5068,0.5334
359,0.5068,0.5334
360,0.5068,0.5334
361,0.5068,0.5334
362,0.5068,0.5334
363,0.5014,0.5334
364,0.5014,0.5334
365,0.5014,0.5334
366,0.5014,0.5334
367,0.4574,0.5334
368,0.4574,0.5334
369,0.4275,0.5334
370,0.4275,0.5334
371,0.4291,0.5334
372,0.4291,0.5334
373,0.4291,0.5334
374,0.4291,0.5334
375,0.4488,0.5334
376,0.4488,0.5334
377,0.492,0.5334
378,0.492,0.5334
379,0.492,0.5334
380,0.492,0.5334
381,0.492,0.5334
382,0.492,0.5334
383,0.492,0.5334
384,0.492,0.5334
385,0.492,0.5334
386,0.492,0.5334
387,0.492,0.5334
388,0.492,0.5334
389,0.492,0.5334
390,0.492,0.5334
391,0.492,0.5334
392,0.492,0.5334
393,0.4886,0.5334
394,0.5137,0.5334
395,0.5137,0.5334
396,0.5137,0.5334
397,0.4676,0.5334
398,0.4676,0.5334
399,0.5138,0.5334
0,0.0,0.0
1,0.0,0.0
2,0.0,0.0
3,0.0,0.0
4,0.0,0.0
5,0.0,0.0
6,0.0,0.0
7,0.0,0.0
8,0.0,0.0
9,0.0,0.0
10,0.0,0.0
11,0.0,0.0
12,0.0,0.0
13,0.0,0.0
14,0.0,0.0
15,0.0,0.0
16,0.0,0.0
17,0.5219,0.5219
18,0.5219,0.5219
19,0.4747,0.5219
20,0.4747,0.5219
21,0.5027,0.5219
22,0.5027,0.5219
23,0.5027,0.5251
24,0.5027,0.5251
25,0.5027,0.5251
26,0.5027,0.5251
27,0.5027,0.5251
28,0.5027,0.5251
29,0.4723,0.5251
30,0.4723,0.5251
31,0.4855,0.5251
32,0.4855,0.5251
33,0.4855,0.5251
34,0.4855,0.5251
35,0.4855,0.5251
36,0.4855,0.5251
37,0.5375,0.5375
38,0.5375,0.5375
39,0.5375,0.5375
40,0.5375,0.5375
41,0.5375,0.5375
42,0.5375,0.5375
43,0.5375,0.5375
44,0.5375,0.5375
45,0.5375,0.5375
46,0.5375,0.5375
47,0.5375,0.5375
48,0.5375,0.5375
49,0.427,0.5375
50,0.427,0.5375
51,0.5034,0.5375
52,0.5034,0.5375
53,0.4386,0.5375
54,0.4386,0.5375
55,0.4789,0.5375
56,0.4789,0.5375
57,0.4611,0.5375
58,0.4611,0.5375
59,0.5043,0.5375
60,0.5043,0.5375
61,0.4824,0.5375
62,0.4824,0.5375
63,0.4824,0.5375
64,0.4824,0.5375
65,0.4824,0.5585
66,0.4824,0.5585
67,0.5188,0.5585
68,0.5188,0.5585
69,0.5101,0.5585
70,0.5101,0.5585
71,0.5101,0.5585
72,0.5101,0.5585
73,0.5101,0.5585
74,0.5101,0.5585
75,0.5101,0.5585
76,0.5101,0.5585
77,0.5333,0.5585
78,0.5333,0.5585
79,0.5333,0.5585
80,0.5333,0.5585
81,0.4945,0.5585
82,0.4945,0.5585
83,0.5232,0.5585
84,0.5232,0.5585
85,0.4466,0.5585
86,0.4466,0.5585
87,0.5113,0.5585
88,0.5113,0.5585
89,0.4979,0.5585
90,0.4979,0.5585
91,0.5077,0.5585
92,0.5077,0.5585
93,0.5077,0.5585
94,0.5077,0.5585
95,0.5077,0.5585
96,0.5077,0.5585
97,0.5077,0.5585
98,0.5077,0.5585
99,0.4853,0.5585
100,0.4853,0.5585
101,0.4853,0.5585
102,0.4853,0.5585
103,0.4853,0.5585
104,0.4853,0.5585
105,0.4853,0.5585
106,0.4853,0.5585
107,0.5307,0.5585
108,0.5307,0.5585
109,0.5307,0.5585
110,0.5307,0.5585
111,0.5307,0.5585
112,0.5307,0.5585
113,0.5082,0.5585
114,0.5082,0.5585
115,0.4924,0.5585
116,0.4924,0.5585
117,0.4983,0.5585
118,0.4983,0.5585
119,0.5045,0.5585
120,0.5045,0.5585
121,0.56,0.56
122,0.56,0.56
123,0.56,0.56
124,0.56,0.56
125,0.5334,0.56
126,0.5334,0.56
127,0.5009,0.56
128,0.5009,0.56
129,0.5009,0.56
130,0.5009,0.56
131,0.5009,0.56
132,0.5009,0.56
133,0.5009,0.56
134,0.5009,0.56
135,0.5009,0.56
136,0.5009,0.56
137,0.4908,0.56
138,0.4908,0.56
139,0.4908,0.56
140,0.4908,0.56
141,0.5314,0.56
142,0.5314,0.56
143,0.5314,0.56
144,0.5314,0.56
145,0.4924,0.56
146,0.4924,0.56
147,0.5441,0.56
148,0.5441,0.56
149,0.5438,0.56
150,0.5438,0.56
151,0.547,0.56
152,0.547,0.56
153,0.547,0.56
154,0.547,0.56
155,0.5494,0.56
156,0.5494,0.56
157,0.5272,0.56
158,0.5272,0.56
159,0.5272,0.56
160,0.5272,0.56
161,0.5272,0.56
162,0.5272,0.56
163,0.5272,0.56
164,0.5272,0.56
165,0.5272,0.56
166,0.5272,0.56
167,0.5272,0.56
168,0.5272,0.56
169,0.5272,0.56
170,0.5272,0.56
171,0.5272,0.56
172,0.5272,0.56
173,0.5014,0.56
174,0.5014,0.56
175,0.5014,0.56
176,0.5014,0.56
177,0.5362,0.56
178,0.5362,0.56
179,0.4976,0.56
180,0.4976,0.56
181,0.5298,0.56
182,0.5298,0.56
183,0.5181,0.56
184,0.5181,0.56
185,0.5066,0.56
186,0.5066,0.56
187,0.4907,0.56
188,0.4907,0.56
189,0.4907,0.56
190,0.4907,0.56
191,0.5339,0.56
192,0.5339,0.56
193,0.4591,0.56
194,0.4591,0.56
195,0.548,0.56
196,0.548,0.56
197,0.548,0.56
198,0.548,0.56
199,0.548,0.56
200,0.548,0.56
201,0.548,0.56
202,0.548,0.56
203,0.548,0.56
204,0.548,0.56
205,0.548,0.56
206,0.548,0.56
207,0.548,0.56
208,0.548,0.56
209,0.5469,0.56
210,0.5469,0.56
211,0.5292,0.56
212,0.5292,0.56
213,0.5292,0.56
214,0.5292,0.56
215,0.4949,0.56
216,0.4949,0.56
217,0.4949,0.56
218,0.4949,0.56
219,0.4949,0.56
220,0.4949,0.56
221,0.4949,0.56
222,0.4949,0.56
223,0.5279,0.56
224,0.5279,0.56
225,0.5279,0.56
226,0.5279,0.56
227,0.5279,0.56
228,0.5279,0.56
229,0.4749,0.56
230,0.4749,0.56
231,0.551,0.56
232,0.551,0.56
233,0.551,0.56
234,0.551,0.56
235,0.551,0.56
236,0.551,0.56
237,0.5177,0.56
238,0.5177,0.56
239,0.5295,0.56
240,0.5295,0.56
241,0.5121,0.56
242,0.5121,0.56
243,0.5095,0.56
244,0.5095,0.56
245,0.5095,0.56
246,0.5095,0.56
247,0.5162,0.56
248,0.5162,0.56
249,0.5162,0.56
250,0.5162,0.56
251,0.5162,0.56
252,0.5162,0.56
253,0.5206,0.56
254,0.5206,0.56
255,0.5206,0.56
256,0.5206,0.56
257,0.5206,0.56
258,0.5206,0.56
259,0.5466,0.56
260,0.5466,0.56
261,0.5466,0.56
262,0.5466,0.56
263,0.5466,0.56
264,0.5466,0.56
265,0.5466,0.56
266,0.5466,0.56
267,0.5466,0.56
268,0.5466,0.56
269,0.5466,0.56
270,0.5466,0.56
271,0.5466,0.56
272,0.5466,0.56
273,0.538,0.56
274,0.538,0.56
275,0.5075,0.56
276,0.5075,0.56
277,0.4205,0.56
278,0.4205,0.56
279,0.4205,0.56
280,0.4205,0.56
281,0.4205,0.56
282,0.4205,0.56
283,0.4205,0.56
284,0.4205,0.56
285,0.5207,0.56
286,0.5207,0.56
287,0.5207,0.56
288,0.5207,0.56
289,0.5207,0.56
290,0.5207,0.56
291,0.5207,0.56
292,0.5207,0.56
293,0.5207,0.56
294,0.5207,0.56
295,0.5092,0.56
296,0.5092,0.56
297,0.5092,0.56
298,0.5092,0.56
299,0.5092,0.56
300,0.5092,0.56
301,0.5092,0.56
302,0.5092,0.56
303,0.5317,0.56
304,0.5317,0.56
305,0.5472,0.56
306,0.5472,0.56
307,0.5443,0.56
308,0.5443,0.56
309,0.5041,0.56
310,0.5041,0.56
311,0.5182,0.56
312,0.5182,0.56
313,0.512,0.56
314,0.512,0.56
315,0.496,0.56
316,0.496,0.56
317,0.5029,0.56
318,0.5029,0.56
319,0.5029,0.56
320,0.5029,0.56
321,0.5203,0.56
322,0.5203,0.56
323,0.5545,0.56
324,0.5545,0.56
325,0.5184,0.56
326,0.5184,0.56
327,0.4642,0.56
328,0.4642,0.56
329,0.4642,0.56
330,0.4642,0.56
331,0.4642,0.56
332,0.4642,0.56
333,0.4957,0.56
334,0.4957,0.56
335,0.4957,0.56
336,0.4957,0.56
337,0.5027,0.56
338,0.5027,0.56
339,0.4679,0.56
340,0.4679,0.56
341,0.4679,0.56
342,0.4679,0.56
343,0.5205,0.56
344,0.5205,0.56
345,0.4987,0.56
346,0.4987,0.56
347,0.5489,0.56
348,0.5489,0.56
349,0.5489,0.56
350,0.5489,0.56
351,0.5295,0.56
352,0.5295,0.56
353,0.5265,0.56
354,0.5265,0.56
355,0.5117,0.56
356,0.5117,0.56
357,0.5117,0.56
358,0.5117,0.56
359,0.4963,0.56
360,0.4963,0.56
361,0.4963,0.56
362,0.4963,0.56
363,0.4963,0.56
364,0.4963,0.56
365,0.4963,0.56
366,0.4963,0.56
367,0.4743,0.56
368,0.4743,0.56
369,0.4748,0.56
370,0.4748,0.56
371,0.5017,0.56
372,0.5017,0.56
373,0.5017,0.56
374,0.5017,0.56
375,0.5017,0.56
376,0.5017,0.56
377,0.469,0.56
378,0.469,0.56
379,0.504,0.56
380,0.504,0.56
381,0.504,0.56
382,0.504,0.56
383,0.5419,0.56
384,0.5419,0.56
385,0.4924,0.56
386,0.4924,0.56
387,0.4924,0.56
388,0.5128,0.56
389,0.5128,0.56
390,0.5128,0.5601
391,0.5128,0.5601
392,0.5128,0.5609
393,0.5407,0.5609
394,0.5081,0.5609
395,0.5081,0.5609
396,0.5349,0.5609
397,0.4699,0.5609
398,0.4699,0.5609
399,0.5039,0.5609
0,0.0,0.0
1,0.0,0.0
2,0.0,0.0
3,0.0,0.0
4,0.0,0.0
5,0.0,0.0
6,0.0,0.0
7,0.0,0.0
8,0.0,0.0
9,0.0,0.0
10,0.0,0.0
11,0.0,0.0
12,0.0,0.0
13,0.0,0.0
14,0.0,0.0
15,0.0,0.0
16,0.0,0.0
17,0.4328,0.4328
18,0.4328,0.4328
19,0.478,0.478
20,0.478,0.478
21,0.4652,0.478
22,0.4652,0.478
23,0.4221,0.478
24,0.4221,0.478
25,0.4971,0.4971
26,0.4971,0.4971
27,0.4971,0.4971
28,0.4971,0.4971
29,0.4514,0.4971
30,0.4514,0.4971
31,0.4514,0.4971
32,0.4514,0.4971
33,0.4786,0.4971
34,0.4786,0.4971
35,0.4318,0.4971
36,0.4318,0.4971
37,0.4662,0.4971
38,0.4662,0.4971
39,0.4662,0.4971
40,0.4662,0.4971
41,0.4662,0.4971
42,0.4662,0.4971
43,0.4662,0.4971
44,0.4662,0.4971
45,0.4662,0.4971
46,0.4662,0.4971
47,0.4662,0.4971
48,0.4662,0.4971
49,0.4375,0.4971
50,0.4375,0.4971
51,0.3897,0.4971
52,0.3897,0.4971
53,0.3605,0.4971
54,0.3605,0.4971
55,0.3605,0.5256
56,0.3605,0.5256
57,0.4643,0.5256
58,0.4643,0.5256
59,0.4302,0.5256
60,0.4302,0.5256
61,0.4922,0.5256
62,0.4922,0.5256
63,0.4922,0.5256
64,0.4922,0.5256
65,0.4353,0.5256
66,0.4353,0.5256
67,0.4303,0.5256
68,0.4303,0.5256
69,0.4303,0.5256
70,0.4303,0.5256
71,0.4303,0.5256
72,0.4303,0.5256
73,0.4303,0.5256
74,0.4303,0.5256
75,0.4303,0.5256
76,0.4303,0.5256
77,0.4303,0.5256
78,0.4303,0.5256
79,0.4303,0.5256
80,0.4303,0.5256
81,0.454,0.5256
82,0.454,0.5256
83,0.4284,0.5256
84,0.4284,0.5256
85,0.4858,0.5256
86,0.4858,0.5256
87,0.5135,0.5256
88,0.5135,0.5256
89,0.544,0.544
90,0.544,0.544
91,0.4617,0.544
92,0.4617,0.544
93,0.5091,0.544
94,0.5091,0.544
95,0.4363,0.544
96,0.4363,0.544
97,0.4363,0.544
98,0.4363,0.544
99,0.4874,0.544
100,0.4874,0.544
101,0.4874,0.544
102,0.4874,0.544
103,0.4874,0.544
104,0.4874,0.544
105,0.4874,0.544
106,0.4874,0.544
107,0.4874,0.544
108,0.4874,0.544
109,0.4874,0.544
110,0.4874,0.544
111,0.4874,0.544
112,0.4874,0.544
113,0.5024,0.544
114,0.5024,0.544
115,0.5024,0.544
116,0.5024,0.544
117,0.4748,0.544
118,0.4748,0.544
119,0.5197,0.544
120,0.5197,0.544
121,0.5397,0.544
122,0.5397,0.544
123,0.5111,0.544
124,0.5111,0.544
125,0.4923,0.544
126,0.4923,0.544
127,0.5075,0.544
128,0.5075,0.544
129,0.5075,0.544
130,0.5075,0.544
131,0.5075,0.544
132,0.5075,0.544
133,0.5075,0.544
134,0.5075,0.544
135,0.5075,0.544
136,0.5075,0.544
137,0.5075,0.544
138,0.5075,0.544
139,0.4524,0.544
140,0.4524,0.544
141,0.4524,0.544
142,0.4524,0.544
143,0.4524,0.544
144,0.4524,0.544
145,0.5078,0.544
146,0.5078,0.544
147,0.5278,0.544
148,0.5278,0.544
149,0.5104,0.544
150,0.5104,0.544
151,0.5289,0.544
152,0.5289,0.544
153,0.5289,0.544
154,0.5289,0.544
155,0.524,0.544
156,0.524,0.544
157,0.5042,0.544
158,0.5042,0.544
159,0.5042,0.544
160,0.5042,0.544
161,0.5042,0.544
162,0.5042,0.544
163,0.4798,0.544
164,0.4798,0.544
165,0.4959,0.544
166,0.4959,0.544
167,0.4959,0.544
168,0.4959,0.544
169,0.4959,0.544
170,0.4959,0.544
171,0.4959,0.544
172,0.4959,0.544
173,0.484,0.544
174,0.484,0.544
175,0.4688,0.544
176,0.4688,0.544
177,0.5157,0.544
178,0.5157,0.544
179,0.4335,0.544
180,0.4335,0.544
181,0.4676,0.544
182,0.4676,0.544
183,0.5267,0.544
184,0.5267,0.544
185,0.5181,0.544
186,0.5181,0.544
187,0.4799,0.544
188,0.4799,0.544
189,0.4799,0.544
190,0.4799,0.544
191,0.5405,0.544
192,0.5405,0.544
193,0.492,0.544
194,0.492,0.544
195,0.492,0.544
196,0.492,0.544
197,0.4842,0.544
198,0.4842,0.544
199,0.4842,0.544
200,0.4842,0.544
201,0.4842,0.544
202,0.4842,0.544
203,0.4794,0.544
204,0.4794,0.544
205,0.4794,0.544
206,0.4794,0.544
207,0.4794,0.544
208,0.4794,0.544
209,0.4795,0.544
210,0.4795,0.544
211,0.503,0.544
212,0.503,0.544
213,0.4419,0.544
214,0.4419,0.544
215,0.5294,0.544
216,0.5294,0.544
217,0.5294,0.544
218,0.5294,0.544
219,0.4791,0.544
220,0.4791,0.544
221,0.4791,0.544
222,0.4791,0.544
223,0.5035,0.544
224,0.5035,0.544
225,0.4835,0.544
226,0.4835,0.544
227,0.4835,0.544
228,0.4835,0.544
229,0.5247,0.544
230,0.5247,0.544
231,0.5247,0.544
232,0.5247,0.544
233,0.5247,0.544
234,0.5247,0.544
235,0.5247,0.544
236,0.5247,0.544
237,0.5247,0.544
238,0.5247,0.544
239,0.5247,0.544
240,0.5247,0.544
241,0.5146,0.544
242,0.5146,0.544
243,0.4866,0.544
244,0.4866,0.544
245,0.502,0.544
246,0.502,0.544
247,0.5159,0.544
248,0.5159,0.544
249,0.5159,0.544
250,0.5159,0.544
251,0.5159,0.544
252,0.5159,0.544
253,0.5159,0.544
254,0.5159,0.544
255,0.4988,0.544
256,0.4988,0.544
257,0.5171,0.544
258,0.5171,0.544
259,0.4176,0.544
260,0.4176,0.544
261,0.4176,0.544
262,0.4176,0.544
263,0.5286,0.544
264,0.5286,0.544
265,0.5286,0.544
266,0.5286,0.544
267,0.5286,0.544
268,0.5286,0.544
269,0.5286,0.544
270,0.5286,0.544
271,0.5286,0.544
272,0.5286,0.544
273,0.5013,0.544
274,0.5013,0.544
275,0.4834,0.544
276,0.4834,0.544
277,0.4447,0.544
278,0.4447,0.544
279,0.4914,0.544
280,0.4914,0.544
281,0.4914,0.544
282,0.4914,0.544
283,0.4914,0.544
284,0.4914,0.544
285,0.4439,0.544
286,0.4439,0.544
287,0.4854,0.544
288,0.4854,0.544
289,0.5371,0.544
290,0.5371,0.544
291,0.492,0.544
292,0.492,0.544
293,0.492,0.544
294,0.492,0.544
295,0.492,0.544
296,0.492,0.544
297,0.492,0.544
298,0.492,0.544
299,0.492,0.544
300,0.492,0.544
301,0.492,0.544
302,0.492,0.544
303,0.492,0.544
304,0.492,0.544
305,0.4691,0.544
306,0.4691,0.544
307,0.5475,0.5475
308,0.5475,0.5475
309,0.5469,0.5475
310,0.5469,0.5475
311,0.5339,0.5475
312,0.5339,0.5475
313,0.5339,0.5475
314,0.5339,0.5475
315,0.503,0.5475
316,0.503,0.5475
317,0.503,0.5475
318,0.503,0.5475
319,0.503,0.5475
320,0.503,0.5475
321,0.503,0.5475
322,0.503,0.5475
323,0.472,0.5475
324,0.472,0.5475
325,0.472,0.5475
326,0.472,0.5475
327,0.472,0.5475
328,0.472,0.5475
329,0.472,0.5495
330,0.472,0.5495
331,0.472,0.5495
332,0.472,0.5495
333,0.472,0.5495
334,0.472,0.5495
335,0.4847,0.5495
336,0.4847,0.5495
337,0.4642,0.5495
338,0.4642,0.5495
339,0.51,0.5495
340,0.51,0.5495
341,0.5158,0.5495
342,0.5158,0.5495
343,0.5158,0.5495
344,0.5158,0.5495
345,0.5158,0.5495
346,0.5158,0.5495
347,0.5392,0.5495
348,0.5392,0.5495
349,0.5392,0.5495
350,0.5392,0.5495
351,0.4978,0.5495
352,0.4978,0.5495
353,0.4978,0.5495
354,0.4978,0.5495
355,0.4391,0.5495
356,0.4391,0.5495
357,0.4391,0.5495
358,0.4391,0.5495
359,0.4391,0.5495
360,0.4391,0.5495
361,0.4343,0.5495
362,0.4343,0.5495
363,0.4343,0.5495
364,0.4343,0.5495
365,0.4343,0.5495
366,0.4343,0.5495
367,0.4343,0.5495
368,0.4343,0.5495
369,0.4517,0.5495
370,0.4517,0.5495
371,0.5299,0.5495
372,0.5299,0.5495
373,0.4864,0.5495
374,0.4864,0.5495
375,0.4864,0.5495
376,0.4864,0.5495
377,0.5449,0.5495
378,0.5449,0.5495
379,0.5449,0.5495
380,0.5449,0.5495
381,0.5449,0.5495
382,0.5449,0.5495
383,0.5449,0.5495
384,0.5449,0.5495
385,0.5449,0.5495
386,0.5449,0.5495
387,0.5449,0.5495
388,0.5449,0.5495
389,0.5449,0.5495
390,0.5449,0.5495
391,0.5449,0.5495
392,0.5449,0.5495
393,0.5329,0.5495
394,0.5208,0.5495
395,0.5208,0.5495
396,0.5208,0.5495
397,0.497,0.5495
398,0.497,0.5495
399,0.497,0.5495
0,0.0,0.0
1,0.0,0.0
2,0.0,0.0
3,0.0,0.0
4,0.0,0.0
5,0.0,0.0
6,0.0,0.0
7,0.0,0.0
8,0.0,0.0
9,0.0,0.0
10,0.0,0.0
11,0.0,0.0
12,0.0,0.0
13,0.0,0.0
14,0.0,0.0
15,0.0,0.0
16,0.0,0.0
17,0.3741,0.3741
18,0.3741,0.3741
19,0.3056,0.3741
20,0.3056,0.3741
21,0.3539,0.3741
22,0.3539,0.3741
23,0.3539,0.3741
24,0.3539,0.3741
25,0.3539,0.3741
26,0.3539,0.3741
27,0.3439,0.3741
28,0.3439,0.3741
29,0.3439,0.3741
30,0.3439,0.3741
31,0.3439,0.3857
32,0.3439,0.3857
33,0.3439,0.3857
34,0.3439,0.3857
35,0.3439,0.3857
36,0.3439,0.3857
37,0.3439,0.3857
38,0.3439,0.3857
39,0.3657,0.3857
40,0.3657,0.3857
41,0.3657,0.3857
42,0.3657,0.3857
43,0.3657,0.3857
44,0.3657,0.3857
45,0.3657,0.3857
46,0.3657,0.3857
47,0.3657,0.3857
48,0.3657,0.3857
49,0.3634,0.3857
50,0.3634,0.3857
51,0.3696,0.3857
52,0.3696,0.3857
53,0.3375,0.3857
54,0.3375,0.3857
55,0.3375,0.3857
56,0.3375,0.3857
57,0.3576,0.3857
58,0.3576,0.3857
59,0.3619,0.3857
60,0.3619,0.3857
61,0.3619,0.3857
62,0.3619,0.3857
63,0.3619,0.3857
64,0.3619,0.3857
65,0.3619,0.3857
66,0.3619,0.3857
67,0.3619,0.3857
68,0.3619,0.3857
69,0.387,0.387
70,0.387,0.387
71,0.3377,0.387
72,0.3377,0.387
73,0.3377,0.387
74,0.3377,0.387
75,0.3377,0.387
76,0.3377,0.387
77,0.3377,0.387
78,0.3377,0.387
79,0.3377,0.387
80,0.3377,0.387
81,0.3067,0.387
82,0.3067,0.387
83,0.3067,0.387
84,0.3067,0.387
85,0.3018,0.387
86,0.3018,0.387
87,0.3254,0.387
88,0.3254,0.387
89,0.3254,0.407
90,0.3254,0.407
91,0.3512,0.407
92,0.3512,0.407
93,0.3665,0.407
94,0.3665,0.407
95,0.3665,0.407
96,0.3665,0.407
97,0.3402,0.407
98,0.3402,0.407
99,0.3202,0.407
100,0.3202,0.407
101,0.3811,0.407
102,0.3811,0.407
103,0.3757,0.407
104,0.3757,0.407
105,0.3757,0.407
106,0.3757,0.407
107,0.3757,0.407
108,0.3757,0.407
109,0.3757,0.407
110,0.3757,0.407
111,0.3757,0.407
112,0.3757,0.407
113,0.3421,0.407
114,0.3421,0.407
115,0.3421,0.407
116,0.3421,0.407
117,0.3421,0.407
118,0.3421,0.407
119,0.3692,0.407
120,0.3692,0.407
121,0.3287,0.407
122,0.3287,0.407
123,0.3287,0.407
124,0.3287,0.407
125,0.3287,0.407
126,0.3287,0.407
127,0.3619,0.407
128,0.3619,0.407
129,0.3619,0.407
130,0.3619,0.407
131,0.3619,0.407
132,0.3619,0.407
133,0.3619,0.407
134,0.3619,0.407
135,0.3619,0.407
136,0.3619,0.407
137,0.3619,0.407
138,0.3619,0.407
139,0.3479,0.407
140,0.3479,0.407
141,0.3479,0.407
142,0.3479,0.407
143,0.3479,0.407
144,0.3479,0.407
145,0.3644,0.407
146,0.3644,0.407
147,0.3903,0.407
148,0.3903,0.407
149,0.3903,0.407
150,0.3903,0.407
151,0.3871,0.407
152,0.3871,0.407
153,0.3255,0.407
154,0.3255,0.407
155,0.3402,0.407
156,0.3402,0.407
157,0.3994,0.407
158,0.3994,0.407
159,0.3318,0.407
160,0.3318,0.407
161,0.3318,0.407
162,0.3318,0.407
163,0.3426,0.407
164,0.3426,0.407
165,0.3426,0.407
166,0.3426,0.407
167,0.3426,0.407
168,0.3426,0.407
169,0.3426,0.407
170,0.3426,0.407
171,0.3426,0.407
172,0.3426,0.407
173,0.3426,0.407
174,0.3426,0.407
175,0.3426,0.407
176,0.3426,0.407
177,0.3225,0.407
178,0.3225,0.407
179,0.3999,0.407
180,0.3999,0.407
181,0.3478,0.407
182,0.3478,0.407
183,0.3478,0.407
184,0.3478,0.407
185,0.3177,0.407
186,0.3177,0.407
187,0.3701,0.407
188,0.3701,0.407
189,0.3701,0.407
190,0.3701,0.407
191,0.3626,0.407
192,0.3626,0.407
193,0.3119,0.407
194,0.3119,0.407
195,0.3308,0.407
196,0.3308,0.407
197,0.3308,0.407
198,0.3308,0.407
199,0.3308,0.407
200,0.3308,0.407
201,0.3308,0.407
202,0.3308,0.407
203,0.3088,0.407
204,0.3088,0.407
205,0.3382,0.407
206,0.3382,0.407
207,0.3382,0.407
208,0.3382,0.407
209,0.3488,0.407
210,0.3488,0.407
211,0.377,0.407
212,0.377,0.407
213,0.377,0.407
214,0.377,0.407
215,0.3475,0.407
216,0.3475,0.407
217,0.2894,0.407
218,0.2894,0.407
219,0.3227,0.407
220,0.3227,0.407
221,0.3143,0.407
222,0.3143,0.407
223,0.3363,0.407
224,0.3363,0.407
225,0.3363,0.407
226,0.3363,0.407
227,0.3363,0.407
228,0.3363,0.407
229,0.3363,0.407
230,0.3363,0.407
231,0.3363,0.407
232,0.3363,0.407
233,0.3363,0.407
234,0.3363,0.407
235,0.2781,0.407
236,0.2781,0.407
237,0.2781,0.407
238,0.2781,0.407
239,0.2781,0.407
240,0.2781,0.407
241,0.3825,0.407
242,0.3825,0.407
243,0.3499,0.407
244,0.3499,0.407
245,0.3499,0.407
246,0.3499,0.407
247,0.37,0.407
248,0.37,0.407
249,0.37,0.407
250,0.37,0.407
251,0.37,0.407
252,0.37,0.407
253,0.37,0.407
254,0.37,0.407
255,0.3685,0.407
256,0.3685,0.407
257,0.3685,0.407
258,0.3685,0.407
259,0.3685,0.407
260,0.3685,0.407
261,0.375,0.407
262,0.375,0.407
263,0.375,0.407
264,0.375,0.407
265,0.3304,0.407
266,0.3304,0.407
267,0.3304,0.407
268,0.3304,0.407
269,0.3304,0.407
270,0.3304,0.407
271,0.3304,0.407
272,0.3304,0.407
273,0.3535,0.407
274,0.3535,0.407
275,0.3849,0.407
276,0.3849,0.407
277,0.2986,0.407
278,0.2986,0.407
279,0.3723,0.407
280,0.3723,0.407
281,0.3723,0.407
282,0.3723,0.407
283,0.3723,0.407
284,0.3723,0.407
285,0.3723,0.407
286,0.3723,0.407
287,0.3252,0.407
288,0.3252,0.407
289,0.3252,0.407
290,0.3252,0.407
291,0.3261,0.407
292,0.3261,0.407
293,0.3492,0.407
294,0.3492,0.407
295,0.3492,0.407
296,0.3492,0.407
297,0.3066,0.407
298,0.3066,0.407
299,0.3066,0.407
300,0.3066,0.407
301,0.3066,0.407
302,0.3066,0.407
303,0.3066,0.407
304,0.3066,0.407
305,0.3961,0.407
306,0.3961,0.407
307,0.3929,0.407
308,0.3929,0.407
309,0.3888,0.407
310,0.3888,0.407
311,0.3888,0.407
312,0.3888,0.407
313,0.3847,0.407
314,0.3847,0.407
315,0.3821,0.407
316,0.3821,0.407
317,0.3613,0.407
318,0.3613,0.407
319,0.408,0.408
320,0.408,0.408
321,0.3659,0.408
322,0.3659,0.408
323,0.3659,0.408
324,0.3659,0.408
325,0.3659,0.408
326,0.3659,0.408
327,0.3659,0.408
328,0.3659,0.408
329,0.3465,0.408
330,0.3465,0.408
331,0.3465,0.408
332,0.3465,0.408
333,0.3465,0.408
334,0.3465,0.408
335,0.3392,0.408
336,0.3392,0.408
337,0.3955,0.408
338,0.3955,0.408
339,0.32,0.408
340,0.32,0.408
341,0.277,0.408
342,0.277,0.408
343,0.277,0.408
344,0.277,0.408
345,0.347,0.408
346,0.347,0.408
347,0.347,0.408
348,0.347,0.408
349,0.3882,0.408
350,0.3882,0.408
351,0.3882,0.408
352,0.3882,0.408
353,0.3882,0.408
354,0.3882,0.408
355,0.3676,0.408
356,0.3676,0.408
357,0.3676,0.408
358,0.3676,0.408
359,0.3259,0.408
360,0.3259,0.408
361,0.3259,0.408
362,0.3259,0.408
363,0.3259,0.408
364,0.3259,0.408
365,0.3259,0.408
366,0.3259,0.408
367,0.3259,0.408
368,0.3259,0.408
369,0.3167,0.408
370,0.3167,0.408
371,0.325,0.408
372,0.325,0.408
373,0.3277,0.408
374,0.3277,0.408
375,0.3277,0.408
376,0.3277,0.408
377,0.4043,0.408
378,0.4043,0.408
379,0.3963,0.408
380,0.3963,0.408
381,0.3666,0.408
382,0.3666,0.408
383,0.3666,0.408
384,0.3666,0.408
385,0.3666,0.408
386,0.3617,0.408
387,0.2961,0.408
388,0.2961,0.408
389,0.2961,0.408
390,0.2961,0.408
391,0.2961,0.408
392,0.2961,0.408
393,0.3733,0.408
394,0.3674,0.408
395,0.3674,0.408
396,0.313,0.408
397,0.313,0.408
398,0.313,0.408
399,0.313,0.408
0,0.0,0.0
1,0.0,0.0
2,0.0,0.0
3,0.0,0.0
4,0.0,0.0
5,0.0,0.0
6,0.0,0.0
7,0.0,0.0
8,0.0,0.0
9,0.0,0.0
10,0.0,0.0
11,0.0,0.0
12,0.0,0.0
13,0.0,0.0
14,0.0,0.0
15,0.0,0.0
16,0.0,0.0
17,0.3498,0.3498
18,0.3498,0.3498
19,0.3208,0.3498
20,0.3208,0.3498
21,0.3208,0.3498
22,0.3208,0.3498
23,0.3448,0.3498
24,0.3448,0.3498
25,0.4099,0.4099
26,0.4099,0.4099
27,0.4099,0.4099
28,0.4099,0.4099
29,0.4099,0.4099
30,0.4099,0.4099
31,0.29,0.4099
32,0.29,0.4099
33,0.3776,0.4099
34,0.3776,0.4099
35,0.3776,0.4099
36,0.3776,0.4099
37,0.3776,0.4099
38,0.3776,0.4099
39,0.3776,0.4099
40,0.3776,0.4099
41,0.3776,0.4099
42,0.3776,0.4099
43,0.3332,0.4099
44,0.3332,0.4099
45,0.3332,0.4099
46,0.3332,0.4099
47,0.3332,0.4099
48,0.3332,0.4099
49,0.2438,0.4099
50,0.2438,0.4099
51,0.3565,0.4099
52,0.3565,0.4099
53,0.2875,0.4099
54,0.2875,0.4099
55,0.2875,0.4099
56,0.2875,0.4099
57,0.2875,0.4099
58,0.2875,0.4099
59,0.3534,0.4099
60,0.3534,0.4099
61,0.3534,0.4099
62,0.3534,0.4099
63,0.3819,0.4099
64,0.3819,0.4099
65,0.3819,0.4099
66,0.3819,0.4099
67,0.3819,0.4099
68,0.3819,0.4099
69,0.377,0.4099
70,0.377,0.4099
71,0.3256,0.4099
72,0.3256,0.4099
73,0.3256,0.4099
74,0.3256,0.4099
75,0.3256,0.4099
76,0.3256,0.4099
77,0.3256,0.4099
78,0.3256,0.4099
79,0.3256,0.4099
80,0.3256,0.4099
81,0.3092,0.4099
82,0.3092,0.4099
83,0.3092,0.4099
84,0.3092,0.4099
85,0.3582,0.4099
86,0.3582,0.4099
87,0.2972,0.4099
88,0.2972,0.4099
89,0.4114,0.4114
90,0.4114,0.4114
91,0.4114,0.4114
92,0.4114,0.4114
93,0.4114,0.4114
94,0.4114,0.4114
95,0.2824,0.4114
96,0.2824,0.4114
97,0.2824,0.4114
98,0.2824,0.4114
99,0.2824,0.4114
100,0.2824,0.4114
101,0.3615,0.4114
102,0.3615,0.4114
103,0.3184,0.4114
104,0.3184,0.4114
105,0.3184,0.4114
106,0.3184,0.4114
107,0.3184,0.4114
108,0.3184,0.4114
109,0.3184,0.4114
110,0.3184,0.4114
111,0.335,0.4114
112,0.335,0.4114
113,0.2903,0.4114
114,0.2903,0.4114
115,0.2903,0.4114
116,0.2903,0.4114
117,0.3659,0.4114
118,0.3659,0.4114
119,0.286,0.4114
120,0.286,0.4114
121,0.3773,0.4114
122,0.3773,0.4114
123,0.3773,0.4114
124,0.3773,0.4114
125,0.3781,0.4114
126,0.3781,0.4114
127,0.4138,0.4138
128,0.4138,0.4138
129,0.3253,0.4138
130,0.3253,0.4138
131,0.3253,0.4138
132,0.3253,0.4138
133,0.2852,0.4138
134,0.2852,0.4138
135,0.3042,0.4138
136,0.3042,0.4138
137,0.3725,0.4138
138,0.3725,0.4138
139,0.3725,0.4138
140,0.3725,0.4138
141,0.3725,0.4138
142,0.3725,0.4138
143,0.3151,0.4138
144,0.3151,0.4138
145,0.3787,0.4138
146,0.3787,0.4138
147,0.3785,0.4138
148,0.3785,0.4138
149,0.3952,0.4138
150,0.3952,0.4138
151,0.3997,0.4138
152,0.3997,0.4138
153,0.3997,0.4138
154,0.3997,0.4138
155,0.3317,0.4138
156,0.3317,0.4138
157,0.3577,0.4138
158,0.3577,0.4138
159,0.3577,0.4138
160,0.3577,0.4138
161,0.3577,0.4138
162,0.3577,0.4138
163,0.3577,0.4138
164,0.3577,0.4138
165,0.3577,0.4138
166,0.3577,0.4138
167,0.3577,0.4138
168,0.3577,0.4138
169,0.3577,0.4138
170,0.3577,0.4138
171,0.3577,0.4138
172,0.3577,0.4138
173,0.3577,0.4138
174,0.3577,0.4138
175,0.3577,0.4138
176,0.3577,0.4138
177,0.3535,0.4138
178,0.3535,0.4138
179,0.3535,0.4138
180,0.3535,0.4138
181,0.3392,0.4138
182,0.3392,0.4138
183,0.2975,0.4138
184,0.2975,0.4138
185,0.3692,0.4138
186,0.3692,0.4138
187,0.3692,0.4138
188,0.3692,0.4138
189,0.3907,0.4138
190,0.3907,0.4138
191,0.3907,0.4138
192,0.3907,0.4138
193,0.4052,0.4138
194,0.4052,0.4138
195,0.3991,0.4138
196,0.3991,0.4138
197,0.3991,0.4138
198,0.3991,0.4138
199,0.2873,0.4138
200,0.2873,0.4138
201,0.2873,0.4138
202,0.2873,0.4138
203,0.2873,0.4138
204,0.2873,0.4138
205,0.2873,0.4174
206,0.2873,0.4174
207,0.2873,0.4174
208,0.2873,0.4174
209,0.3852,0.4174
210,0.3852,0.4174
211,0.4159,0.4174
212,0.4159,0.4174
213,0.306,0.4174
214,0.306,0.4174
215,0.4042,0.4174
216,0.4042,0.4174
217,0.4042,0.4174
218,0.4042,0.4174
219,0.3865,0.4174
220,0.3865,0.4174
221,0.3865,0.4174
222,0.3865,0.4174
223,0.3533,0.4174
224,0.3533,0.4174
225,0.3706,0.4174
226,0.3706,0.4174
227,0.3965,0.4174
228,0.3965,0.4174
229,0.3965,0.4174
230,0.3965,0.4174
231,0.3965,0.4174
232,0.3965,0.4174
233,0.3965,0.4174
234,0.3965,0.4174
235,0.3965,0.4174
236,0.3965,0.4174
237,0.3965,0.4174
238,0.3965,0.4174
239,0.2817,0.4174
240,0.2817,0.4174
241,0.3799,0.4174
242,0.3799,0.4174
243,0.349,0.4174
244,0.349,0.4174
245,0.392,0.4174
246,0.392,0.4174
247,0.392,0.4174
248,0.392,0.4174
249,0.3692,0.4174
250,0.3692,0.4174
251,0.3498,0.4174
252,0.3498,0.4174
253,0.3447,0.4174
254,0.3447,0.4174
255,0.3766,0.4174
256,0.3766,0.4174
257,0.3273,0.4174
258,0.3273,0.4174
259,0.3273,0.4174
260,0.3273,0.4174
261,0.3273,0.4174
262,0.3273,0.4174
263,0.3273,0.4174
264,0.3273,0.4174
265,0.3273,0.4174
266,0.3273,0.4174
267,0.3273,0.4174
268,0.3273,0.4174
269,0.3273,0.4174
270,0.3273,0.4174
271,0.3273,0.4174
272,0.3273,0.4174
273,0.3666,0.4174
274,0.3666,0.4174
275,0.2731,0.4174
276,0.2731,0.4174
277,0.2731,0.4174
278,0.2731,0.4174
279,0.3401,0.4174
280,0.3401,0.4174
281,0.3609,0.4174
282,0.3609,0.4174
283,0.3401,0.4174
284,0.3401,0.4174
285,0.3401,0.4174
286,0.3401,0.4174
287,0.344,0.4174
288,0.344,0.4174
289,0.344,0.4174
290,0.344,0.4174
291,0.344,0.4174
292,0.344,0.4174
293,0.344,0.4174
294,0.344,0.4174
295,0.3784,0.4174
296,0.3784,0.4174
297,0.3784,0.4174
298,0.3784,0.4174
299,0.3784,0.4174
300,0.3784,0.4174
301,0.3784,0.4174
302,0.3784,0.4174
303,0.3784,0.4174
304,0.3784,0.4174
305,0.4169,0.4174
306,0.4169,0.4174
307,0.4169,0.4174
308,0.4169,0.4174
309,0.3991,0.4174
310,0.3991,0.4174
311,0.3997,0.4174
312,0.3997,0.4174
313,0.4015,0.4174
314,0.4015,0.4174
315,0.4138,0.4174
316,0.4138,0.4174
317,0.4138,0.4204
318,0.4138,0.4204
319,0.4138,0.4204
320,0.4138,0.4204
321,0.3568,0.4204
322,0.3568,0.4204
323,0.3618,0.4204
324,0.3618,0.4204
325,0.3618,0.4204
326,0.3618,0.4204
327,0.3618,0.4204
328,0.3618,0.4204
329,0.3945,0.4204
330,0.3945,0.4204
331,0.3945,0.4204
332,0.3945,0.4204
333,0.3945,0.4204
334,0.3945,0.4204
335,0.3945,0.4204
336,0.3945,0.4204
337,0.4018,0.4204
338,0.4018,0.4204
339,0.3949,0.4204
340,0.3949,0.4204
341,0.3949,0.4204
342,0.3949,0.4204
343,0.3949,0.4204
344,0.3949,0.4204
345,0.4061,0.4204
346,0.4061,0.4204
347,0.4061,0.4204
348,0.4061,0.4204
349,0.3942,0.4204
350,0.3942,0.4204
351,0.338,0.4204
352,0.338,0.4204
353,0.4039,0.4204
354,0.4039,0.4204
355,0.3951,0.4204
356,0.3951,0.4204
357,0.3951,0.4204
358,0.3951,0.4204
359,0.3951,0.4204
360,0.3951,0.4204
361,0.3951,0.4204
362,0.3951,0.4204
363,0.3951,0.4204
364,0.3951,0.4204
365,0.3951,0.4204
366,0.3951,0.4204
367,0.3338,0.4204
368,0.3338,0.4204
369,0.3029,0.4204
370,0.3029,0.4204
371,0.3373,0.4204
372,0.3373,0.4204
373,0.3373,0.4204
374,0.3373,0.4204
375,0.3362,0.4204
376,0.3362,0.4204
377,0.3704,0.4204
378,0.3704,0.4204
379,0.3874,0.4204
380,0.3874,0.4204
381,0.2973,0.4204
382,0.2973,0.4204
383,0.2973,0.4204
384,0.2973,0.4204
385,0.396,0.4204
386,0.396,0.4204
387,0.396,0.4204
388,0.396,0.4204
389,0.396,0.4204
390,0.396,0.4204
391,0.396,0.4204
392,0.396,0.4204
393,0.3485,0.4204
394,0.3723,0.4204
395,0.3411,0.4204
396,0.3411,0.4204
397,0.3411,0.4204
398,0.3411,0.4204
399,0.3411,0.4204
0,0.0,0.0
1,0.0,0.0
2,0.0,0.0
3,0.0,0.0
4,0.0,0.0
5,0.0,0.0
6,0.0,0.0
7,0.0,0.0
8,0.0,0.0
9,0.0,0.0
10,0.0,0.0
11,0.0,0.0
12,0.0,0.0
13,0.0,0.0
14,0.0,0.0
15,0.0,0.0
16,0.0,0.0
17,0.24,0.24
18,0.24,0.24
19,0.2955,0.2955
20,0.2955,0.2955
21,0.2955,0.2955
22,0.2955,0.2955
23,0.3133,0.3133
24,0.3133,0.3133
25,0.3133,0.3133
26,0.3133,0.3133
27,0.3133,0.3133
28,0.3133,0.3133
29,0.2562,0.3133
30,0.2562,0.3133
31,0.2562,0.3133
32,0.2562,0.3133
33,0.2562,0.3133
34,0.2562,0.3133
35,0.2562,0.3133
36,0.2562,0.3133
37,0.2579,0.3133
38,0.2579,0.3133
39,0.2579,0.3133
40,0.2579,0.3133
41,0.2579,0.3133
42,0.2579,0.3133
43,0.2579,0.3133
44,0.2579,0.3133
45,0.2579,0.3133
46,0.2579,0.3133
47,0.2579,0.3133
48,0.2579,0.3133
49,0.2756,0.3133
50,0.2756,0.3133
51,0.2289,0.3133
52,0.2289,0.3133
53,0.2973,0.3133
54,0.2973,0.3133
55,0.2821,0.3133
56,0.2821,0.3133
57,0.2821,0.3133
58,0.2821,0.3133
59,0.2821,0.3133
60,0.2821,0.3133
61,0.2531,0.3133
62,0.2531,0.3133
63,0.3251,0.3251
64,0.3251,0.3251
65,0.3251,0.3251
66,0.3251,0.3251
67,0.3251,0.3251
68,0.3251,0.3251
69,0.3143,0.3251
70,0.3143,0.3251
71,0.3143,0.3251
72,0.3143,0.3251
73,0.2841,0.3251
74,0.2841,0.3251
75,0.2841,0.3251
76,0.2841,0.3251
77,0.2841,0.3251
78,0.2841,0.3251
79,0.2841,0.3251
80,0.2841,0.3251
81,0.2723,0.3251
82,0.2723,0.3251
83,0.2966,0.3251
84,0.2966,0.3251
85,0.2718,0.3251
86,0.2718,0.3251
87,0.3065,0.3251
88,0.3065,0.3251
89,0.2691,0.3251
90,0.2691,0.3251
91,0.2691,0.3251
92,0.2691,0.3251
93,0.2187,0.3251
94,0.2187,0.3251
95,0.2187,0.3251
96,0.2187,0.3251
97,0.2187,0.3251
98,0.2187,0.3251
99,0.2187,0.3251
100,0.2187,0.3251
101,0.2187,0.3251
102,0.2187,0.3251
103,0.2557,0.3251
104,0.2557,0.3251
105,0.2465,0.3251
106,0.2465,0.3251
107,0.2465,0.3251
108,0.2465,0.3251
109,0.2465,0.3251
110,0.2465,0.3251
111,0.2465,0.3251
112,0.2465,0.3251
113,0.2373,0.3251
114,0.2373,0.3251
115,0.2792,0.3251
116,0.2792,0.3251
117,0.2861,0.3251
118,0.2861,0.3251
119,0.3035,0.3251
120,0.3035,0.3251
121,0.2894,0.3251
122,0.2894,0.3251
123,0.2798,0.3251
124,0.2798,0.3251
125,0.2074,0.3251
126,0.2074,0.3251
127,0.2877,0.3251
128,0.2877,0.3251
129,0.3199,0.3251
130,0.3199,0.3251
131,0.3199,0.3251
132,0.3199,0.3251
133,0.3199,0.3251
134,0.3199,0.3251
135,0.3199,0.3251
136,0.3199,0.3251
137,0.3199,0.3251
138,0.3199,0.3251
139,0.2622,0.3251
140,0.2622,0.3251
141,0.2622,0.3251
142,0.2622,0.3251
143,0.2622,0.3251
144,0.2622,0.3251
145,0.2663,0.3251
146,0.2663,0.3251
147,0.3224,0.3251
148,0.3224,0.3251
149,0.3104,0.3251
150,0.3104,0.3251
151,0.3223,0.3251
152,0.3223,0.3251
153,0.3125,0.3251
154,0.3125,0.3251
155,0.3202,0.3251
156,0.3202,0.3251
157,0.2233,0.3251
158,0.2233,0.3251
159,0.2233,0.3251
160,0.2233,0.3251
161,0.2903,0.3251
162,0.2903,0.3251
163,0.2789,0.3251
164,0.2789,0.3251
165,0.2716,0.3251
166,0.2716,0.3251
167,0.2909,0.3251
168,0.2909,0.3251
169,0.2909,0.3251
170,0.2909,0.3251
171,0.2909,0.3251
172,0.2909,0.3251
173,0.2967,0.3251
174,0.2967,0.3251
175,0.2967,0.3251
176,0.2967,0.3251
177,0.2816,0.3251
178,0.2816,0.3251
179,0.2134,0.3251
180,0.2134,0.3251
181,0.2517,0.3251
182,0.2517,0.3251
183,0.3244,0.3251
184,0.3244,0.3251
185,0.3162,0.3251
186,0.3162,0.3251
187,0.3079,0.3251
188,0.3079,0.3251
189,0.2255,0.3251
190,0.2255,0.3251
191,0.2255,0.3251
192,0.2255,0.3251
193,0.301,0.3251
194,0.301,0.3251
195,0.301,0.3251
196,0.301,0.3251
197,0.301,0.3251
198,0.301,0.3251
199,0.2636,0.3251
200,0.2636,0.3251
201,0.2636,0.3251
202,0.2636,0.3251
203,0.2636,0.3251
204,0.2636,0.3251
205,0.2798,0.3251
206,0.2798,0.3251
207,0.2798,0.3251
208,0.2798,0.3251
209,0.2262,0.3251
210,0.2262,0.3251
211,0.3134,0.3251
212,0.3134,0.3251
213,0.2971,0.3251
214,0.2971,0.3251
215,0.2804,0.3251
216,0.2804,0.3251
217,0.2804,0.3251
218,0.2804,0.3251
219,0.2804,0.3251
220,0.2804,0.3251
221,0.2462,0.3251
222,0.2462,0.3251
223,0.2875,0.3251
224,0.2875,0.3251
225,0.3082,0.3251
226,0.3082,0.3251
227,0.3082,0.3251
228,0.3082,0.3251
229,0.2353,0.3251
230,0.2353,0.3251
231,0.2353,0.3251
232,0.2353,0.3251
233,0.2353,0.3251
234,0.2353,0.3251
235,0.2654,0.3251
236,0.2654,0.3251
237,0.2654,0.3251
238,0.2654,0.3251
239,0.2654,0.3251
240,0.2654,0.3251
241,0.2654,0.3251
242,0.2654,0.3251
243,0.2807,0.3251
244,0.2807,0.3251
245,0.2489,0.3251
246,0.2489,0.3251
247,0.2489,0.3251
248,0.2489,0.3251
249,0.2489,0.3251
250,0.2489,0.3251
251,0.277,0.3251
252,0.277,0.3251
253,0.3143,0.3251
254,0.3143,0.3251
255,0.3143,0.3251
256,0.3143,0.3251
257,0.3041,0.3251
258,0.3041,0.3251
259,0.3041,0.3251
260,0.3041,0.3251
261,0.267,0.3251
262,0.267,0.3251
263,0.267,0.3251
264,0.267,0.3251
265,0.267,0.3251
266,0.267,0.3251
267,0.267,0.3251
268,0.267,0.3251
269,0.267,0.3251
270,0.267,0.3251
271,0.267,0.3251
272,0.267,0.3251
273,0.267,0.3251
274,0.267,0.3251
275,0.289,0.3251
276,0.289,0.3251
277,0.2763,0.3251
278,0.2763,0.3251
279,0.2782,0.3251
280,0.2782,0.3251
281,0.2782,0.3251
282,0.2782,0.3251
283,0.2782,0.3251
284,0.2782,0.3251
285,0.2782,0.3251
286,0.2782,0.3251
287,0.2043,0.3251
288,0.2043,0.3251
289,0.3143,0.3251
290,0.3143,0.3251
291,0.3143,0.3251
292,0.3143,0.3251
293,0.3143,0.3251
294,0.3143,0.3251
295,0.3143,0.3251
296,0.3143,0.3251
297,0.3143,0.3251
298,0.3143,0.3251
299,0.2572,0.3251
300,0.2572,0.3251
301,0.2572,0.3251
302,0.2572,0.3251
303,0.2572,0.3251
304,0.2572,0.3251
305,0.2572,0.3251
306,0.2572,0.3251
307,0.3228,0.3251
308,0.3228,0.3251
309,0.3269,0.3269
310,0.3269,0.3269
311,0.336,0.336
312,0.336,0.336
313,0.336,0.336
314,0.336,0.336
315,0.336,0.336
316,0.336,0.336
317,0.2736,0.336
318,0.2736,0.336
319,0.2736,0.336
320,0.2736,0.336
321,0.2736,0.336
322,0.2736,0.336
323,0.2736,0.336
324,0.2736,0.336
325,0.2736,0.336
326,0.2736,0.336
327,0.2736,0.336
328,0.2736,0.336
329,0.2736,0.336
330,0.2736,0.336
331,0.3165,0.336
332,0.3165,0.336
333,0.2951,0.336
334,0.2951,0.336
335,0.2951,0.336
336,0.2951,0.336
337,0.2951,0.336
338,0.2951,0.336
339,0.2881,0.336
340,0.2881,0.336
341,0.3065,0.336
342,0.3065,0.336
343,0.2695,0.336
344,0.2695,0.336
345,0.2695,0.336
346,0.2695,0.336
347,0.2729,0.336
348,0.2729,0.336
349,0.2729,0.336
350,0.2729,0.336
351,0.2622,0.336
352,0.2622,0.336
353,0.234,0.336
354,0.234,0.336
355,0.2701,0.336
356,0.2701,0.336
357,0.2701,0.336
358,0.2701,0.336
359,0.2701,0.336
360,0.2701,0.336
361,0.2701,0.336
362,0.2701,0.336
363,0.2701,0.336
364,0.2701,0.336
365,0.2701,0.336
366,0.2701,0.336
367,0.2701,0.336
368,0.2701,0.336
369,0.2701,0.336
370,0.2701,0.336
371,0.3154,0.336
372,0.3154,0.336
373,0.2922,0.336
374,0.2922,0.336
375,0.2922,0.336
376,0.2922,0.336
377,0.2918,0.336
378,0.2918,0.336
379,0.2606,0.336
380,0.2606,0.336
381,0.2606,0.336
382,0.2606,0.336
383,0.2606,0.336
384,0.2606,0.336
385,0.2606,0.336
386,0.2606,0.336
387,0.1903,0.336
388,0.2632,0.336
389,0.2632,0.336
390,0.2632,0.336
391,0.2765,0.336
392,0.2765,0.336
393,0.2673,0.336
394,0.2566,0.336
395,0.2293,0.336
396,0.273,0.336
397,0.1718,0.336
398,0.1718,0.336
399,0.1718,0.336
0,0.0,0.0
1,0.0,0.0
2,0.0,0.0
3,0.0,0.0
4,0.0,0.0
5,0.0,0.0
6,0.0,0.0
7,0.0,0.0
8,0.0,0.0
9,0.0,0.0
10,0.0,0.0
11,0.0,0.0
12,0.0,0.0
13,0.0,0.0
14,0.0,0.0
15,0.0,0.0
16,0.0,0.0
17,0.2687,0.2687
18,0.2687,0.2687
19,0.2687,0.3511
20,0.2687,0.3511
21,0.2687,0.3511
22,0.2687,0.3511
23,0.2456,0.3511
24,0.2456,0.3511
25,0.3244,0.3511
26,0.3244,0.3511
27,0.3244,0.3511
28,0.3244,0.3511
29,0.3244,0.3511
30,0.3244,0.3511
31,0.2841,0.3511
32,0.2841,0.3511
33,0.2841,0.3511
34,0.2841,0.3511
35,0.2447,0.3511
36,0.2447,0.3511
37,0.2447,0.3511
38,0.2447,0.3511
39,0.2447,0.3511
40,0.2447,0.3511
41,0.2447,0.3511
42,0.2447,0.3511
43,0.2447,0.3511
44,0.2447,0.3511
45,0.2447,0.3511
46,0.2447,0.3511
47,0.2447,0.3511
48,0.2447,0.3511
49,0.318,0.3511
50,0.318,0.3511
51,0.2714,0.3511
52,0.2714,0.3511
53,0.3113,0.3511
54,0.3113,0.3511
55,0.2911,0.3511
56,0.2911,0.3511
57,0.2911,0.3784
58,0.2911,0.3784
59,0.3235,0.3784
60,0.3235,0.3784
61,0.3025,0.3784
62,0.3025,0.3784
63,0.3025,0.3784
64,0.3025,0.3784
65,0.3289,0.3784
66,0.3289,0.3784
67,0.3289,0.3784
68,0.3289,0.3784
69,0.3361,0.3784
70,0.3361,0.3784
71,0.3469,0.3784
72,0.3469,0.3784
73,0.3469,0.3784
74,0.3469,0.3784
75,0.3469,0.3784
76,0.3469,0.3784
77,0.3012,0.3784
78,0.3012,0.3784
79,0.3012,0.3784
80,0.3012,0.3784
81,0.2638,0.3784
82,0.2638,0.3784
83,0.3287,0.3784
84,0.3287,0.3784
85,0.2711,0.3784
86,0.2711,0.3784
87,0.3913,0.3913
88,0.3913,0.3913
89,0.3131,0.3913
90,0.3131,0.3913
91,0.3131,0.3913
92,0.3131,0.3913
93,0.2836,0.3913
94,0.2836,0.3913
95,0.2836,0.3913
96,0.2836,0.3913
97,0.3043,0.3913
98,0.3043,0.3913
99,0.3043,0.3913
100,0.3043,0.3913
101,0.3043,0.3913
102,0.3043,0.3913
103,0.2542,0.3913
104,0.2542,0.3913
105,0.2542,0.3913
106,0.2542,0.3913
107,0.2542,0.3913
108,0.2542,0.3913
109,0.2941,0.3913
110,0.2941,0.3913
111,0.2941,0.3913
112,0.2941,0.3913
113,0.355,0.3913
114,0.355,0.3913
115,0.3011,0.3913
116,0.3011,0.3913
117,0.3299,0.3913
118,0.3299,0.3913
119,0.3561,0.3913
120,0.3561,0.3913
121,0.3465,0.3913
122,0.3465,0.3913
123,0.3546,0.3913
124,0.3546,0.3913
125,0.3546,0.3913
126,0.3546,0.3913
127,0.3253,0.3913
128,0.3253,0.3913
129,0.299,0.3913
130,0.299,0.3913
131,0.299,0.3913
132,0.299,0.3913
133,0.299,0.3913
134,0.299,0.3913
135,0.2327,0.3913
136,0.2327,0.3913
137,0.2327,0.3913
138,0.2327,0.3913
139,0.2327,0.3913
140,0.2327,0.3913
141,0.2327,0.3913
142,0.2327,0.3913
143,0.2327,0.3913
144,0.2327,0.3913
145,0.3586,0.3913
146,0.3586,0.3913
147,0.3609,0.3913
148,0.3609,0.3913
149,0.3609,0.3913
150,0.3609,0.3913
151,0.3609,0.3913
152,0.3609,0.3913
153,0.3753,0.3913
154,0.3753,0.3913
155,0.3309,0.3913
156,0.3309,0.3913
157,0.3309,0.3913
158,0.3309,0.3913
159,0.3309,0.3913
160,0.3309,0.3913
161,0.3309,0.3913
162,0.3309,0.3913
163,0.3309,0.3913
164,0.3309,0.3913
165,0.3309,0.3913
166,0.3309,0.3913
167,0.3309,0.3913
168,0.3309,0.3913
169,0.331,0.3913
170,0.331,0.3913
171,0.331,0.3913
172,0.331,0.3913
173,0.331,0.3913
174,0.331,0.3913
175,0.331,0.3913
176,0.331,0.3913
177,0.3373,0.3913
178,0.3373,0.3913
179,0.321,0.3913
180,0.321,0.3913
181,0.3511,0.3913
182,0.3511,0.3913
183,0.3511,0.3913
184,0.3511,0.3913
185,0.3511,0.3913
186,0.3511,0.3913
187,0.2466,0.3913
188,0.2466,0.3913
189,0.3171,0.3913
190,0.3171,0.3913
191,0.2701,0.3913
192,0.2701,0.3913
193,0.2701,0.3913
194,0.2701,0.3913
195,0.2701,0.3913
196,0.2701,0.3913
197,0.2701,0.3913
198,0.2701,0.3913
199,0.2701,0.3913
200,0.2701,0.3913
201,0.2701,0.3913
202,0.2701,0.3913
203,0.2701,0.3913
204,0.2701,0.3913
205,0.2701,0.3913
206,0.2701,0.3913
207,0.2701,0.3913
208,0.2701,0.3913
209,0.2837,0.3913
210,0.2837,0.3913
211,0.3311,0.3913
212,0.3311,0.3913
213,0.3311,0.3913
214,0.3311,0.3913
215,0.3078,0.3913
216,0.3078,0.3913
217,0.3294,0.3913
218,0.3294,0.3913
219,0.3288,0.3913
220,0.3288,0.3913
221,0.3288,0.3913
222,0.3288,0.3913
223,0.3288,0.3913
224,0.3288,0.3913
225,0.3288,0.3913
226,0.3288,0.3913
227,0.3288,0.3913
228,0.3288,0.3913
229,0.3282,0.3913
230,0.3282,0.3913
231,0.3282,0.3913
232,0.3282,0.3913
233,0.3282,0.3913
234,0.3282,0.3913
235,0.3202,0.3913
236,0.3202,0.3913
237,0.3202,0.3913
238,0.3202,0.3913
239,0.3202,0.3913
240,0.3202,0.3913
241,0.3162,0.3913
242,0.3162,0.3913
243,0.2916,0.3913
244,0.2916,0.3913
245,0.2554,0.3913
246,0.2554,0.3913
247,0.312,0.3913
248,0.312,0.3913
249,0.3253,0.3913
250,0.3253,0.3913
251,0.3253,0.3913
252,0.3253,0.3913
253,0.3163,0.3913
254,0.3163,0.3913
255,0.3163,0.3913
256,0.3163,0.3913
257,0.3163,0.3913
258,0.3163,0.3913
259,0.2702,0.3913
260,0.2702,0.3913
261,0.2702,0.3913
262,0.2702,0.3913
263,0.2702,0.3913
264,0.2702,0.3913
265,0.2811,0.3913
266,0.2811,0.3913
267,0.2811,0.3913
268,0.2811,0.3913
269,0.2811,0.3913
270,0.2811,0.3913
271,0.2876,0.3913
272,0.2876,0.3913
273,0.3527,0.3913
274,0.3527,0.3913
275,0.3604,0.3913
276,0.3604,0.3913
277,0.3052,0.3913
278,0.3052,0.3913
279,0.3173,0.3913
280,0.3173,0.3913
281,0.2806,0.3913
282,0.2806,0.3913
283,0.2806,0.3913
284,0.2806,0.3913
285,0.3301,0.3913
286,0.3301,0.3913
287,0.3158,0.3913
288,0.3158,0.3913
289,0.3158,0.3913
290,0.3158,0.3913
291,0.3228,0.3913
292,0.3228,0.3913
293,0.3228,0.3913
294,0.3228,0.3913
295,0.36,0.3913
296,0.36,0.3913
297,0.36,0.3913
298,0.36,0.3913
299,0.36,0.3913
300,0.36,0.3913
301,0.36,0.3913
302,0.36,0.3913
303,0.36,0.3913
304,0.36,0.3913
305,0.2448,0.3913
306,0.2448,0.3913
307,0.3415,0.3913
308,0.3415,0.3913
309,0.3434,0.3913
310,0.3434,0.3913
311,0.2899,0.3913
312,0.2899,0.3913
313,0.3091,0.3913
314,0.3091,0.3913
315,0.3091,0.3913
316,0.3091,0.3913
317,0.3438,0.3913
318,0.3438,0.3913
319,0.3157,0.3913
320,0.3157,0.3913
321,0.3157,0.3913
322,0.3157,0.3913
323,0.295,0.3913
324,0.295,0.3913
325,0.295,0.3913
326,0.295,0.3913
327,0.295,0.3913
328,0.295,0.3913
329,0.295,0.3913
330,0.295,0.3913
331,0.295,0.3913
332,0.295,0.3913
333,0.295,0.3913
334,0.295,0.3913
335,0.3313,0.3913
336,0.3313,0.3913
337,0.3367,0.3913
338,0.3367,0.3913
339,0.2977,0.3913
340,0.2977,0.3913
341,0.3584,0.3913
342,0.3584,0.3913
343,0.2949,0.3913
344,0.2949,0.3913
345,0.3654,0.3913
346,0.3654,0.3913
347,0.3654,0.3913
348,0.3654,0.3913
349,0.3566,0.3913
350,0.3566,0.3913
351,0.3352,0.3913
352,0.3352,0.3913
353,0.3255,0.3913
354,0.3255,0.3913
355,0.3255,0.3913
356,0.3255,0.3913
357,0.3255,0.3913
358,0.3255,0.3913
359,0.2772,0.3913
360,0.2772,0.3913
361,0.2772,0.3913
362,0.2772,0.3913
363,0.2772,0.3913
364,0.2772,0.3913
365,0.2772,0.3913
366,0.2772,0.3913
367,0.2772,0.3913
368,0.2772,0.3913
369,0.3214,0.3913
370,0.3214,0.3913
371,0.3198,0.3913
372,0.3198,0.3913
373,0.294,0.3913
374,0.294,0.3913
375,0.2773,0.3913
376,0.2773,0.3913
377,0.3095,0.3913
378,0.3095,0.3913
379,0.3095,0.3913
380,0.3095,0.3913
381,0.3272,0.3913
382,0.3272,0.3913
383,0.3287,0.3913
384,0.3287,0.3913
385,0.3287,0.3913
386,0.3287,0.3913
387,0.3287,0.3913
388,0.3287,0.3913
389,0.3287,0.3913
390,0.3287,0.3913
391,0.3287,0.3913
392,0.3287,0.3913
393,0.308,0.3913
394,0.2759,0.3913
395,0.2513,0.3913
396,0.2513,0.3913
397,0.3186,0.3913
398,0.3186,0.3913
399,0.2913,0.3913
0,0.0,0.0
1,0.0,0.0
2,0.0,0.0
3,0.0,0.0
4,0.0,0.0
5,0.0,0.0
6,0.0,0.0
7,0.0,0.0
8,0.0,0.0
9,0.0,0.0
10,0.0,0.0
11,0.0,0.0
12,0.0,0.0
13,0.0,0.0
14,0.0,0.0
15,0.0,0.0
16,0.0,0.0
17,0.3192,0.3192
18,0.3192,0.3192
19,0.2962,0.3192
20,0.2962,0.3192
21,0.2999,0.3192
22,0.2999,0.3192
23,0.2771,0.3192
24,0.2771,0.3192
25,0.2724,0.3192
26,0.2724,0.3192
27,0.2724,0.3192
28,0.2724,0.3192
29,0.2724,0.3192
30,0.2724,0.3192
31,0.2724,0.3192
32,0.2724,0.3192
33,0.3388,0.3388
34,0.3388,0.3388
35,0.3103,0.3388
36,0.3103,0.3388
37,0.3103,0.3388
38,0.3103,0.3388
39,0.2521,0.3388
40,0.2521,0.3388
41,0.2521,0.3388
42,0.2521,0.3388
43,0.2521,0.3388
44,0.2521,0.3388
45,0.2521,0.3388
46,0.2521,0.3388
47,0.2521,0.3388
48,0.2521,0.3388
49,0.2818,0.3388
50,0.2818,0.3388
51,0.2586,0.3388
52,0.2586,0.3388
53,0.2586,0.3388
54,0.2586,0.3388
55,0.2317,0.3388
56,0.2317,0.3388
57,0.2359,0.3388
58,0.2359,0.3388
59,0.2359,0.3388
60,0.2359,0.3388
61,0.318,0.3388
62,0.318,0.3388
63,0.26,0.3388
64,0.26,0.3388
65,0.3,0.3388
66,0.3,0.3388
67,0.3,0.3388
68,0.3,0.3388
69,0.3,0.3388
70,0.3,0.3388
71,0.2512,0.3388
72,0.2512,0.3388
73,0.2512,0.3388
74,0.2512,0.3388
75,0.2512,0.3388
76,0.2512,0.3388
77,0.2512,0.3388
78,0.2512,0.3388
79,0.2512,0.3388
80,0.2512,0.3388
81,0.2978,0.3388
82,0.2978,0.3388
83,0.2612,0.3388
84,0.2612,0.3388
85,0.3235,0.3388
86,0.3235,0.3388
87,0.2772,0.3388
88,0.2772,0.3388
89,0.2546,0.3388
90,0.2546,0.3388
91,0.2341,0.3388
92,0.2341,0.3388
93,0.2486,0.3388
94,0.2486,0.3388
95,0.2907,0.3388
96,0.2907,0.3388
97,0.2907,0.3388
98,0.2907,0.3388
99,0.3038,0.3388
100,0.3038,0.3388
101,0.3038,0.3388
102,0.3038,0.3388
103,0.2945,0.3388
104,0.2945,0.3388
105,0.2945,0.3388
106,0.2945,0.3388
107,0.2945,0.3388
108,0.2945,0.3388
109,0.2945,0.3388
110,0.2945,0.3388
111,0.2538,0.3388
112,0.2538,0.3388
113,0.343,0.343
114,0.343,0.343
115,0.2483,0.343
116,0.2483,0.343
117,0.2483,0.343
118,0.2483,0.343
119,0.2568,0.343
120,0.2568,0.343
121,0.3457,0.3457
122,0.3457,0.3457
123,0.1988,0.3457
124,0.1988,0.3457
125,0.1988,0.3457
126,0.1988,0.3457
127,0.2858,0.3457
128,0.2858,0.3457
129,0.3318,0.3457
130,0.3318,0.3457
131,0.3318,0.3457
132,0.3318,0.3457
133,0.3318,0.3457
134,0.3318,0.3457
135,0.2562,0.3457
136,0.2562,0.3457
137,0.2562,0.3457
138,0.2562,0.3457
139,0.2562,0.3457
140,0.2562,0.3457
141,0.2562,0.3457
142,0.2562,0.3457
143,0.2562,0.3457
144,0.2562,0.3457
145,0.3248,0.3457
146,0.3248,0.3457
147,0.3462,0.3462
148,0.3462,0.3462
149,0.3098,0.3462
150,0.3098,0.3462
151,0.3426,0.3462
152,0.3426,0.3462
153,0.3467,0.3467
154,0.3467,0.3467
155,0.3467,0.3467
156,0.3467,0.3467
157,0.331,0.3467
158,0.331,0.3467
159,0.3423,0.3467
160,0.3423,0.3467
161,0.2569,0.3467
162,0.2569,0.3467
163,0.2569,0.3467
164,0.2569,0.3467
165,0.2569,0.3467
166,0.2569,0.3467
167,0.2569,0.3467
168,0.2569,0.3467
169,0.2569,0.3467
170,0.2569,0.3467
171,0.2569,0.3467
172,0.2569,0.3467
173,0.2569,0.3467
174,0.2569,0.3467
175,0.2569,0.3467
176,0.2569,0.3467
177,0.3163,0.3467
178,0.3163,0.3467
179,0.3665,0.3665
180,0.3665,0.3665
181,0.3665,0.3665
182,0.3665,0.3665
183,0.3263,0.3665
184,0.3263,0.3665
185,0.3263,0.3665
186,0.3263,0.3665
187,0.3313,0.3665
188,0.3313,0.3665
189,0.333,0.3665
190,0.333,0.3665
191,0.333,0.3665
192,0.333,0.3665
193,0.3178,0.3665
194,0.3178,0.3665
195,0.3036,0.3665
196,0.3036,0.3665
197,0.3036,0.3665
198,0.3036,0.3665
199,0.3036,0.3665
200,0.3036,0.3665
201,0.3036,0.3665
202,0.3036,0.3665
203,0.3036,0.3665
204,0.3036,0.3665
205,0.3036,0.3665
206,0.3036,0.3665
207,0.3036,0.3665
208,0.3036,0.3665
209,0.3272,0.3665
210,0.3272,0.3665
211,0.2681,0.3665
212,0.2681,0.3665
213,0.2681,0.3665
214,0.2681,0.3665
215,0.2946,0.3665
216,0.2946,0.3665
217,0.2946,0.3665
218,0.2946,0.3665
219,0.2859,0.3665
220,0.2859,0.3665
221,0.2859,0.3665
222,0.2859,0.3665
223,0.307,0.3665
224,0.307,0.3665
225,0.307,0.3665
226,0.307,0.3665
227,0.2755,0.3665
228,0.2755,0.3665
229,0.2755,0.3665
230,0.2755,0.3665
231,0.2755,0.3665
232,0.2755,0.3665
233,0.2797,0.3665
234,0.2797,0.3665
235,0.2797,0.3665
236,0.2797,0.3665
237,0.3203,0.3665
238,0.3203,0.3665
239,0.3099,0.3665
240,0.3099,0.3665
241,0.309,0.3665
242,0.309,0.3665
243,0.2623,0.3665
244,0.2623,0.3665
245,0.2623,0.3665
246,0.2623,0.3665
247,0.2623,0.3665
248,0.2623,0.3665
249,0.2884,0.3665
250,0.2884,0.3665
251,0.3209,0.3665
252,0.3209,0.3665
253,0.3564,0.3665
254,0.3564,0.3665
255,0.3564,0.3665
256,0.3564,0.3665
257,0.3564,0.3665
258,0.3564,0.3665
259,0.3564,0.3665
260,0.3564,0.3665
261,0.3564,0.3665
262,0.3564,0.3665
263,0.2853,0.3665
264,0.2853,0.3665
265,0.2841,0.3665
266,0.2841,0.3665
267,0.3083,0.3665
268,0.3083,0.3665
269,0.3083,0.3665
270,0.3083,0.3665
271,0.3083,0.3665
272,0.3083,0.3665
273,0.3088,0.3665
274,0.3088,0.3665
275,0.2772,0.3665
276,0.2772,0.3665
277,0.3632,0.3665
278,0.3632,0.3665
279,0.3632,0.3665
280,0.3632,0.3665
281,0.3632,0.3665
282,0.3632,0.3665
283,0.3305,0.3665
284,0.3305,0.3665
285,0.3305,0.3665
286,0.3305,0.3665
287,0.3305,0.3665
288,0.3305,0.3665
289,0.3305,0.3665
290,0.3305,0.3665
291,0.3305,0.3665
292,0.3305,0.3665
293,0.3305,0.3665
294,0.3305,0.3665
295,0.3305,0.3665
296,0.3305,0.3665
297,0.3305,0.3665
298,0.3305,0.3665
299,0.3305,0.3665
300,0.3305,0.3665
301,0.3305,0.3665
302,0.3305,0.3665
303,0.3305,0.3665
304,0.3305,0.3665
305,0.2998,0.3665
306,0.2998,0.3665
307,0.3587,0.3665
308,0.3587,0.3665
309,0.3587,0.3665
310,0.3587,0.3665
311,0.3615,0.3665
312,0.3615,0.3665
313,0.3451,0.3665
314,0.3451,0.3665
315,0.3451,0.3665
316,0.3451,0.3665
317,0.3649,0.3665
318,0.3649,0.3665
319,0.3696,0.3696
320,0.3696,0.3696
321,0.3648,0.3696
322,0.3648,0.3696
323,0.3648,0.3696
324,0.3648,0.3696
325,0.3507,0.3696
326,0.3507,0.3696
327,0.3507,0.3696
328,0.3507,0.3696
329,0.3507,0.3696
330,0.3507,0.3696
331,0.3507,0.3696
332,0.3507,0.3696
333,0.3507,0.3696
334,0.3507,0.3696
335,0.3507,0.3696
336,0.3507,0.3696
337,0.3432,0.3696
338,0.3432,0.3696
339,0.2834,0.3696
340,0.2834,0.3696
341,0.2834,0.3696
342,0.2834,0.3696
343,0.2834,0.3696
344,0.2834,0.3696
345,0.2498,0.3696
346,0.2498,0.3696
347,0.2498,0.3696
348,0.2498,0.3696
349,0.3189,0.3696
350,0.3189,0.3696
351,0.2648,0.3696
352,0.2648,0.3696
353,0.2648,0.3696
354,0.2648,0.3696
355,0.3119,0.3696
356,0.3119,0.3696
357,0.3119,0.3696
358,0.3119,0.3696
359,0.3119,0.3696
360,0.3119,0.3696
361,0.3119,0.3696
362,0.3119,0.3696
363,0.3119,0.3696
364,0.3119,0.3696
365,0.3119,0.3696
366,0.3119,0.3696
367,0.3119,0.3696
368,0.3119,0.3696
369,0.327,0.3696
370,0.327,0.3696
371,0.2879,0.3696
372,0.2879,0.3696
373,0.2879,0.3696
374,0.2879,0.3696
375,0.2879,0.3696
376,0.2879,0.3696
377,0.2172,0.3696
378,0.2172,0.3696
379,0.245,0.3696
380,0.245,0.3696
381,0.2495,0.3696
382,0.2495,0.3696
383,0.2838,0.3696
384,0.2838,0.3696
385,0.2838,0.3696
386,0.2838,0.3696
387,0.2838,0.3696
388,0.2838,0.3696
389,0.2838,0.3696
390,0.2838,0.3696
391,0.2838,0.3696
392,0.2838,0.3696
393,0.3162,0.3696
394,0.3105,0.3696
395,0.2353,0.3696
396,0.2353,0.3696
397,0.2353,0.3696
398,0.2353,0.3696
399,0.3329,0.3696
