iter,acc,best,cnt
0,0.0,0.0,0
1,0.0,0.0,0
2,0.0,0.0,0
3,0.0,0.0,0
4,0.0,0.0,0
5,0.0,0.0,0
6,0.0,0.0,0
7,0.0,0.0,0
8,0.0,0.0,0
9,0.0,0.0,0
10,0.0,0.0,0
11,0.0,0.0,0
12,0.0,0.0,0
13,0.0,0.0,0
14,0.0,0.0,0
15,0.0,0.0,0
16,0.0,0.0,0
17,0.4842,0.4842,1
18,0.4842,0.4842,1
19,0.4343,0.4842,2
20,0.4343,0.4842,2
21,0.4343,0.4842,3
22,0.4343,0.4842,3
23,0.4343,0.4842,4
24,0.4343,0.4842,4
25,0.4343,0.4892,5
26,0.4343,0.4892,5
27,0.4418,0.4892,6
28,0.4418,0.4892,6
29,0.4212,0.4892,7
30,0.4212,0.4892,7
31,0.43,0.4892,8
32,0.43,0.4892,8
33,0.4554,0.4892,9
34,0.4554,0.4892,9
35,0.4554,0.4892,10
36,0.4554,0.4892,10
37,0.4554,0.4892,11
38,0.4554,0.4892,11
39,0.4554,0.4892,12
40,0.4554,0.4892,12
41,0.4554,0.4892,13
42,0.4554,0.4892,13
43,0.4554,0.4892,14
44,0.4554,0.4892,14
45,0.4554,0.4892,15
46,0.4554,0.4892,15
47,0.4554,0.4892,16
48,0.4554,0.4892,16
49,0.4432,0.4892,17
50,0.4432,0.4892,17
51,0.4304,0.4892,18
52,0.4304,0.4892,18
53,0.4303,0.4892,19
54,0.4303,0.4892,19
55,0.4363,0.4892,20
56,0.4363,0.4892,20
57,0.4602,0.4892,21
58,0.4602,0.4892,21
59,0.4706,0.4892,22
60,0.4706,0.4892,22
61,0.4558,0.4892,23
62,0.4558,0.4892,23
63,0.3992,0.4892,24
64,0.3992,0.4892,24
65,0.4851,0.4892,25
66,0.4851,0.4892,25
67,0.4699,0.4892,26
68,0.4699,0.4892,26
69,0.5033,0.5033,27
70,0.5033,0.5033,27
71,0.4754,0.5033,28
72,0.4754,0.5033,28
73,0.4559,0.5033,29
74,0.4559,0.5033,29
75,0.4583,0.5033,30
76,0.4583,0.5033,30
77,0.4651,0.5033,31
78,0.4651,0.5033,31
79,0.4651,0.5033,32
80,0.4651,0.5033,32
81,0.5014,0.5033,33
82,0.5014,0.5033,33
83,0.4918,0.5033,34
84,0.4918,0.5033,34
85,0.4758,0.5033,35
86,0.4758,0.5033,35
87,0.4876,0.5033,36
88,0.4876,0.5033,36
89,0.4876,0.5033,37
90,0.4876,0.5033,37
91,0.4729,0.5033,38
92,0.4729,0.5033,38
93,0.5037,0.5037,39
94,0.5037,0.5037,39
95,0.5173,0.5173,40
96,0.5173,0.5173,40
97,0.4962,0.5173,41
98,0.4962,0.5173,41
99,0.4822,0.5173,42
100,0.4822,0.5173,42
101,0.4823,0.5173,43
102,0.4823,0.5173,43
103,0.4917,0.5173,44
104,0.4917,0.5173,44
105,0.4889,0.5173,45
106,0.4889,0.5173,45
107,0.4438,0.5173,46
108,0.4438,0.5173,46
109,0.4971,0.5173,47
110,0.4971,0.5173,47
111,0.4971,0.5173,48
112,0.4971,0.5173,48
113,0.4971,0.5173,49
114,0.4971,0.5173,49
115,0.4392,0.5173,50
116,0.4392,0.5173,50
117,0.4392,0.5173,51
118,0.4392,0.5173,51
119,0.4392,0.5173,52
120,0.4392,0.5173,52
121,0.4392,0.5173,53
122,0.4392,0.5173,53
123,0.4592,0.5173,54
124,0.4592,0.5173,54
125,0.5053,0.5173,55
126,0.5053,0.5173,55
127,0.4869,0.5173,56
128,0.4869,0.5173,56
129,0.5169,0.5173,57
130,0.5169,0.5173,57
131,0.4873,0.5173,58
132,0.4873,0.5173,58
133,0.4873,0.5173,59
134,0.4873,0.5173,59
135,0.4873,0.5173,60
136,0.4873,0.5173,60
137,0.4642,0.5173,61
138,0.4642,0.5173,61
139,0.4642,0.5173,62
140,0.4642,0.5173,62
141,0.4394,0.5173,63
142,0.4394,0.5173,63
143,0.4403,0.5173,64
144,0.4403,0.5173,64
145,0.4403,0.5173,65
146,0.4403,0.5173,65
147,0.4836,0.5173,66
148,0.4836,0.5173,66
149,0.4836,0.5173,67
150,0.4836,0.5173,67
151,0.4625,0.5173,68
152,0.4625,0.5173,68
153,0.4625,0.5173,69
154,0.4625,0.5173,69
155,0.5012,0.5173,70
156,0.5012,0.5173,70
157,0.5012,0.5173,71
158,0.5012,0.5173,71
159,0.5162,0.5173,72
160,0.5162,0.5173,72
161,0.5154,0.5173,73
162,0.5154,0.5173,73
163,0.5118,0.5173,74
164,0.5118,0.5173,74
165,0.4439,0.5173,75
166,0.4439,0.5173,75
167,0.4439,0.5173,76
168,0.4439,0.5173,76
169,0.4806,0.5173,77
170,0.4806,0.5173,77
171,0.5001,0.5173,78
172,0.5001,0.5173,78
173,0.4585,0.5173,79
174,0.4585,0.5173,79
175,0.4585,0.5173,80
176,0.4585,0.5173,80
177,0.4689,0.5173,81
178,0.4689,0.5173,81
179,0.4689,0.5173,82
180,0.4689,0.5173,82
181,0.5337,0.5337,83
182,0.5337,0.5337,83
183,0.5337,0.5337,84
184,0.5337,0.5337,84
185,0.5337,0.5337,85
186,0.5337,0.5337,85
187,0.5337,0.5337,86
188,0.5337,0.5337,86
189,0.4507,0.5337,87
190,0.4507,0.5337,87
191,0.4839,0.5337,88
192,0.4839,0.5337,88
193,0.4593,0.5337,89
194,0.4593,0.5337,89
195,0.4313,0.5337,90
196,0.4313,0.5337,90
197,0.4313,0.5337,91
198,0.4313,0.5337,91
199,0.4554,0.5337,92
200,0.4554,0.5337,92
201,0.4908,0.5337,93
202,0.4908,0.5337,93
203,0.4908,0.5337,94
204,0.4908,0.5337,94
205,0.3848,0.5337,95
206,0.3848,0.5337,95
207,0.3848,0.5337,96
208,0.3848,0.5337,96
209,0.3848,0.5337,97
210,0.3848,0.5337,97
211,0.3848,0.5337,98
212,0.3848,0.5337,98
213,0.3848,0.5337,99
214,0.3848,0.5337,99
215,0.3848,0.5337,100
216,0.3848,0.5337,100
217,0.4784,0.5337,101
218,0.4784,0.5337,101
219,0.4839,0.5337,102
220,0.4839,0.5337,102
221,0.4839,0.5337,103
222,0.4839,0.5337,103
223,0.4839,0.5337,104
224,0.4839,0.5337,104
225,0.4418,0.5337,105
226,0.4418,0.5337,105
227,0.4551,0.5337,106
228,0.4551,0.5337,106
229,0.4549,0.5337,107
230,0.4549,0.5337,107
231,0.4398,0.5337,108
232,0.4398,0.5337,108
233,0.4846,0.5337,109
234,0.4846,0.5337,109
235,0.4846,0.5337,110
236,0.4846,0.5337,110
237,0.4893,0.5337,111
238,0.4893,0.5337,111
239,0.439,0.5337,112
240,0.439,0.5337,112
241,0.439,0.5337,113
242,0.439,0.5337,113
243,0.439,0.5337,114
244,0.439,0.5337,114
245,0.4379,0.5337,115
246,0.4379,0.5337,115
247,0.4796,0.5337,116
248,0.4796,0.5337,116
249,0.4796,0.5337,117
250,0.4796,0.5337,117
251,0.4796,0.5337,118
252,0.4796,0.5337,118
253,0.4976,0.5337,119
254,0.4976,0.5337,119
255,0.4976,0.5337,120
256,0.4976,0.5337,120
257,0.46,0.5337,121
258,0.46,0.5337,121
259,0.46,0.5337,122
260,0.46,0.5337,122
261,0.4434,0.5337,123
262,0.4434,0.5337,123
263,0.4594,0.5337,124
264,0.4594,0.5337,124
265,0.4306,0.5337,125
266,0.4306,0.5337,125
267,0.4398,0.5337,126
268,0.4398,0.5337,126
269,0.4398,0.5337,127
270,0.4398,0.5337,127
271,0.4398,0.5337,128
272,0.4398,0.5337,128
273,0.4757,0.5337,129
274,0.4757,0.5337,129
275,0.4757,0.5337,130
276,0.4757,0.5337,130
277,0.4757,0.5337,131
278,0.4757,0.5337,131
279,0.4574,0.5337,132
280,0.4574,0.5337,132
281,0.4763,0.5337,133
282,0.4763,0.5337,133
283,0.4763,0.5337,134
284,0.4763,0.5337,134
285,0.4763,0.5337,135
286,0.4763,0.5337,135
287,0.4418,0.5337,136
288,0.4418,0.5337,136
289,0.444,0.5337,137
290,0.444,0.5337,137
291,0.4992,0.5337,138
292,0.4992,0.5337,138
293,0.4693,0.5337,139
294,0.4693,0.5337,139
295,0.4804,0.5337,140
296,0.4804,0.5337,140
297,0.4571,0.5337,141
298,0.4571,0.5337,141
299,0.43,0.5337,142
300,0.43,0.5337,142
301,0.5022,0.5337,143
302,0.5022,0.5337,143
303,0.5022,0.5337,144
304,0.5022,0.5337,144
305,0.5022,0.5337,145
306,0.5022,0.5337,145
307,0.5022,0.5337,146
308,0.5022,0.5337,146
309,0.5022,0.5337,147
310,0.5022,0.5337,147
311,0.5022,0.5337,148
312,0.5022,0.5337,148
313,0.5022,0.5337,149
314,0.5022,0.5337,149
315,0.5022,0.5337,150
316,0.5022,0.5337,150
317,0.5022,0.5337,151
318,0.5022,0.5337,151
319,0.5022,0.5337,152
320,0.5022,0.5337,152
321,0.5057,0.5337,153
322,0.5057,0.5337,153
323,0.4504,0.5337,154
324,0.4504,0.5337,154
325,0.5043,0.5337,155
326,0.5043,0.5337,155
327,0.4539,0.5337,156
328,0.4539,0.5337,156
329,0.449,0.5337,157
330,0.449,0.5337,157
331,0.449,0.5337,158
332,0.449,0.5337,158
333,0.4714,0.5337,159
334,0.4714,0.5337,159
335,0.4714,0.5337,160
336,0.4714,0.5337,160
337,0.4925,0.5337,161
338,0.4925,0.5337,161
339,0.4925,0.5337,162
340,0.4925,0.5337,162
341,0.4589,0.5337,163
342,0.4589,0.5337,163
343,0.4589,0.5337,164
344,0.4589,0.5337,164
345,0.4589,0.5337,165
346,0.4589,0.5337,165
347,0.4589,0.5337,166
348,0.4589,0.5337,166
349,0.4589,0.5337,167
350,0.4589,0.5337,167
351,0.5091,0.5337,168
352,0.5091,0.5337,168
353,0.5024,0.5337,169
354,0.5024,0.5337,169
355,0.4935,0.5337,170
356,0.4935,0.5337,170
357,0.4809,0.5337,171
358,0.4809,0.5337,171
359,0.4809,0.5337,172
360,0.4809,0.5337,172
361,0.4809,0.5337,173
362,0.4809,0.5337,173
363,0.4977,0.5337,174
364,0.4977,0.5337,174
365,0.4977,0.5337,175
366,0.4977,0.5337,175
367,0.478,0.5337,176
368,0.478,0.5337,176
369,0.4587,0.5337,177
370,0.4587,0.5337,177
371,0.4587,0.5337,178
372,0.4587,0.5337,178
373,0.4587,0.5337,179
374,0.4587,0.5337,179
375,0.4408,0.5337,180
376,0.4408,0.5337,180
377,0.4408,0.5337,181
378,0.4408,0.5337,181
379,0.4408,0.5337,182
380,0.4408,0.5337,182
381,0.4625,0.5337,183
382,0.4625,0.5337,183
383,0.4625,0.5337,184
384,0.4625,0.5337,184
385,0.476,0.5337,185
386,0.4865,0.5337,186
387,0.4865,0.5337,187
388,0.5083,0.5337,188
389,0.5062,0.5337,189
390,0.5062,0.5337,190
391,0.488,0.5337,191
392,0.4845,0.5337,192
393,0.4845,0.5337,193
394,0.4845,0.5337,194
395,0.4845,0.5337,195
396,0.4845,0.5337,196
397,0.4845,0.5337,197
398,0.4845,0.5337,198
399,0.4845,0.5337,199
0,0.0,0.0,0
1,0.0,0.0,0
2,0.0,0.0,0
3,0.0,0.0,0
4,0.0,0.0,0
5,0.0,0.0,0
6,0.0,0.0,0
7,0.0,0.0,0
8,0.0,0.0,0
9,0.0,0.0,0
10,0.0,0.0,0
11,0.0,0.0,0
12,0.0,0.0,0
13,0.0,0.0,0
14,0.0,0.0,0
15,0.0,0.0,0
16,0.0,0.0,0
17,0.4687,0.4687,1
18,0.4687,0.4687,1
19,0.431,0.4687,2
20,0.431,0.4687,2
21,0.4843,0.4843,3
22,0.4843,0.4843,3
23,0.4887,0.4887,4
24,0.4887,0.4887,4
25,0.4887,0.4887,5
26,0.4887,0.4887,5
27,0.4887,0.5083,6
28,0.4887,0.5083,6
29,0.4887,0.5083,7
30,0.4887,0.5083,7
31,0.4887,0.5083,8
32,0.4887,0.5083,8
33,0.4887,0.5083,9
34,0.4887,0.5083,9
35,0.4829,0.5083,10
36,0.4829,0.5083,10
37,0.4829,0.5083,11
38,0.4829,0.5083,11
39,0.4829,0.5083,12
40,0.4829,0.5083,12
41,0.4829,0.5083,13
42,0.4829,0.5083,13
43,0.4829,0.5083,14
44,0.4829,0.5083,14
45,0.4829,0.5083,15
46,0.4829,0.5083,15
47,0.4829,0.5083,16
48,0.4829,0.5083,16
49,0.4796,0.5083,17
50,0.4796,0.5083,17
51,0.4411,0.5083,18
52,0.4411,0.5083,18
53,0.4574,0.5083,19
54,0.4574,0.5083,19
55,0.4574,0.5083,20
56,0.4574,0.5083,20
57,0.4574,0.5083,21
58,0.4574,0.5083,21
59,0.4574,0.5083,22
60,0.4574,0.5083,22
61,0.4574,0.5083,23
62,0.4574,0.5083,23
63,0.4574,0.5083,24
64,0.4574,0.5083,24
65,0.5017,0.5083,25
66,0.5017,0.5083,25
67,0.5017,0.5083,26
68,0.5017,0.5083,26
69,0.5017,0.5083,27
70,0.5017,0.5083,27
71,0.5017,0.5083,28
72,0.5017,0.5083,28
73,0.5017,0.5083,29
74,0.5017,0.5083,29
75,0.5017,0.5083,30
76,0.5017,0.5083,30
77,0.5017,0.5083,31
78,0.5017,0.5083,31
79,0.5017,0.5083,32
80,0.5017,0.5083,32
81,0.4894,0.5083,33
82,0.4894,0.5083,33
83,0.4595,0.5083,34
84,0.4595,0.5083,34
85,0.4689,0.5083,35
86,0.4689,0.5083,35
87,0.4751,0.5083,36
88,0.4751,0.5083,36
89,0.464,0.5083,37
90,0.464,0.5083,37
91,0.4636,0.5083,38
92,0.4636,0.5083,38
93,0.4636,0.5083,39
94,0.4636,0.5083,39
95,0.4636,0.5083,40
96,0.4636,0.5083,40
97,0.4636,0.5083,41
98,0.4636,0.5083,41
99,0.412,0.5083,42
100,0.412,0.5083,42
101,0.4857,0.5083,43
102,0.4857,0.5083,43
103,0.4857,0.5083,44
104,0.4857,0.5083,44
105,0.4857,0.5083,45
106,0.4857,0.5083,45
107,0.4857,0.5083,46
108,0.4857,0.5083,46
109,0.4857,0.5083,47
110,0.4857,0.5083,47
111,0.474,0.5083,48
112,0.474,0.5083,48
113,0.4455,0.5083,49
114,0.4455,0.5083,49
115,0.4719,0.5083,50
116,0.4719,0.5083,50
117,0.3863,0.5083,51
118,0.3863,0.5083,51
119,0.4889,0.5083,52
120,0.4889,0.5083,52
121,0.4468,0.5083,53
122,0.4468,0.5083,53
123,0.4468,0.5083,54
124,0.4468,0.5083,54
125,0.4299,0.5083,55
126,0.4299,0.5083,55
127,0.4299,0.5083,56
128,0.4299,0.5083,56
129,0.5082,0.5083,57
130,0.5082,0.5083,57
131,0.4686,0.5083,58
132,0.4686,0.5083,58
133,0.4686,0.5083,59
134,0.4686,0.5083,59
135,0.4686,0.5083,60
136,0.4686,0.5083,60
137,0.4686,0.5083,61
138,0.4686,0.5083,61
139,0.4514,0.5083,62
140,0.4514,0.5083,62
141,0.4439,0.5083,63
142,0.4439,0.5083,63
143,0.514,0.514,64
144,0.514,0.514,64
145,0.5128,0.514,65
146,0.5128,0.514,65
147,0.512,0.514,66
148,0.512,0.514,66
149,0.4577,0.514,67
150,0.4577,0.514,67
151,0.4881,0.514,68
152,0.4881,0.514,68
153,0.4853,0.514,69
154,0.4853,0.514,69
155,0.5016,0.514,70
156,0.5016,0.514,70
157,0.5016,0.514,71
158,0.5016,0.514,71
159,0.4892,0.514,72
160,0.4892,0.514,72
161,0.4826,0.514,73
162,0.4826,0.514,73
163,0.4826,0.514,74
164,0.4826,0.514,74
165,0.4576,0.514,75
166,0.4576,0.514,75
167,0.4576,0.514,76
168,0.4576,0.514,76
169,0.4576,0.514,77
170,0.4576,0.514,77
171,0.4576,0.5186,78
172,0.4576,0.5186,78
173,0.4576,0.5186,79
174,0.4576,0.5186,79
175,0.4576,0.5186,80
176,0.4576,0.5186,80
177,0.4576,0.5186,81
178,0.4576,0.5186,81
179,0.4437,0.5186,82
180,0.4437,0.5186,82
181,0.4437,0.5186,83
182,0.4437,0.5186,83
183,0.4913,0.5186,84
184,0.4913,0.5186,84
185,0.4448,0.5186,85
186,0.4448,0.5186,85
187,0.4448,0.5186,86
188,0.4448,0.5186,86
189,0.4448,0.5186,87
190,0.4448,0.5186,87
191,0.4797,0.5186,88
192,0.4797,0.5186,88
193,0.4288,0.5186,89
194,0.4288,0.5186,89
195,0.4288,0.5186,90
196,0.4288,0.5186,90
197,0.5237,0.5237,91
198,0.5237,0.5237,91
199,0.5237,0.5237,92
200,0.5237,0.5237,92
201,0.5167,0.5237,93
202,0.5167,0.5237,93
203,0.5167,0.5237,94
204,0.5167,0.5237,94
205,0.5167,0.5237,95
206,0.5167,0.5237,95
207,0.5167,0.5237,96
208,0.5167,0.5237,96
209,0.4733,0.5237,97
210,0.4733,0.5237,97
211,0.4686,0.5237,98
212,0.4686,0.5237,98
213,0.4487,0.5237,99
214,0.4487,0.5237,99
215,0.4312,0.5237,100
216,0.4312,0.5237,100
217,0.452,0.5237,101
218,0.452,0.5237,101
219,0.452,0.5237,102
220,0.452,0.5237,102
221,0.4711,0.5237,103
222,0.4711,0.5237,103
223,0.4642,0.5237,104
224,0.4642,0.5237,104
225,0.4642,0.5237,105
226,0.4642,0.5237,105
227,0.4945,0.5237,106
228,0.4945,0.5237,106
229,0.4945,0.5237,107
230,0.4945,0.5237,107
231,0.4945,0.5237,108
232,0.4945,0.5237,108
233,0.4945,0.53,109
234,0.4945,0.53,109
235,0.4945,0.53,110
236,0.4945,0.53,110
237,0.5011,0.53,111
238,0.5011,0.53,111
239,0.5011,0.53,112
240,0.5011,0.53,112
241,0.5011,0.53,113
242,0.5011,0.53,113
243,0.4621,0.53,114
244,0.4621,0.53,114
245,0.5048,0.53,115
246,0.5048,0.53,115
247,0.4976,0.53,116
248,0.4976,0.53,116
249,0.4517,0.53,117
250,0.4517,0.53,117
251,0.4834,0.53,118
252,0.4834,0.53,118
253,0.4834,0.53,119
254,0.4834,0.53,119
255,0.4746,0.53,120
256,0.4746,0.53,120
257,0.4212,0.53,121
258,0.4212,0.53,121
259,0.469,0.53,122
260,0.469,0.53,122
261,0.469,0.53,123
262,0.469,0.53,123
263,0.5017,0.53,124
264,0.5017,0.53,124
265,0.5017,0.53,125
266,0.5017,0.53,125
267,0.5017,0.53,126
268,0.5017,0.53,126
269,0.5017,0.53,127
270,0.5017,0.53,127
271,0.5017,0.53,128
272,0.5017,0.53,128
273,0.5017,0.53,129
274,0.5017,0.53,129
275,0.4086,0.53,130
276,0.4086,0.53,130
277,0.4468,0.53,131
278,0.4468,0.53,131
279,0.4121,0.53,132
280,0.4121,0.53,132
281,0.4121,0.53,133
282,0.4121,0.53,133
283,0.4796,0.53,134
284,0.4796,0.53,134
285,0.4924,0.53,135
286,0.4924,0.53,135
287,0.4536,0.53,136
288,0.4536,0.53,136
289,0.4497,0.53,137
290,0.4497,0.53,137
291,0.4497,0.53,138
292,0.4497,0.53,138
293,0.4497,0.53,139
294,0.4497,0.53,139
295,0.4497,0.53,140
296,0.4497,0.53,140
297,0.4497,0.53,141
298,0.4497,0.53,141
299,0.4497,0.53,142
300,0.4497,0.53,142
301,0.4497,0.53,143
302,0.4497,0.53,143
303,0.4497,0.53,144
304,0.4497,0.53,144
305,0.4497,0.53,145
306,0.4497,0.53,145
307,0.5208,0.53,146
308,0.5208,0.53,146
309,0.5078,0.53,147
310,0.5078,0.53,147
311,0.4941,0.53,148
312,0.4941,0.53,148
313,0.531,0.531,149
314,0.531,0.531,149
315,0.4945,0.531,150
316,0.4945,0.531,150
317,0.4841,0.531,151
318,0.4841,0.531,151
319,0.4793,0.531,152
320,0.4793,0.531,152
321,0.496,0.531,153
322,0.496,0.531,153
323,0.4615,0.531,154
324,0.4615,0.531,154
325,0.4615,0.531,155
326,0.4615,0.531,155
327,0.4752,0.531,156
328,0.4752,0.531,156
329,0.4385,0.531,157
330,0.4385,0.531,157
331,0.4385,0.531,158
332,0.4385,0.531,158
333,0.4385,0.531,159
334,0.4385,0.531,159
335,0.4385,0.531,160
336,0.4385,0.531,160
337,0.4385,0.531,161
338,0.4385,0.531,161
339,0.4737,0.531,162
340,0.4737,0.531,162
341,0.4832,0.531,163
342,0.4832,0.531,163
343,0.4832,0.531,164
344,0.4832,0.531,164
345,0.4563,0.531,165
346,0.4563,0.531,165
347,0.4563,0.531,166
348,0.4563,0.531,166
349,0.4302,0.531,167
350,0.4302,0.531,167
351,0.463,0.531,168
352,0.463,0.531,168
353,0.463,0.531,169
354,0.463,0.531,169
355,0.4873,0.531,170
356,0.4873,0.531,170
357,0.4873,0.531,171
358,0.4873,0.531,171
359,0.5077,0.531,172
360,0.5077,0.531,172
361,0.5077,0.531,173
362,0.5077,0.531,173
363,0.5077,0.531,174
364,0.5077,0.531,174
365,0.5077,0.531,175
366,0.5077,0.531,175
367,0.5077,0.531,176
368,0.5077,0.531,176
369,0.5077,0.531,177
370,0.5077,0.531,177
371,0.483,0.531,178
372,0.483,0.531,178
373,0.4544,0.531,179
374,0.4544,0.531,179
375,0.4544,0.531,180
376,0.4544,0.531,180
377,0.4013,0.531,181
378,0.4013,0.531,181
379,0.4907,0.531,182
380,0.4907,0.531,182
381,0.4553,0.531,183
382,0.4553,0.531,183
383,0.4957,0.531,184
384,0.4957,0.531,184
385,0.5028,0.531,185
386,0.4889,0.531,186
387,0.4889,0.531,187
388,0.4889,0.531,188
389,0.4889,0.531,189
390,0.4889,0.531,190
391,0.4909,0.531,191
392,0.4909,0.531,192
393,0.5037,0.531,193
394,0.5135,0.531,194
395,0.498,0.531,195
396,0.5033,0.531,196
397,0.5033,0.531,197
398,0.5033,0.531,198
399,0.4553,0.531,199
0,0.0,0.0,0
1,0.0,0.0,0
2,0.0,0.0,0
3,0.0,0.0,0
4,0.0,0.0,0
5,0.0,0.0,0
6,0.0,0.0,0
7,0.0,0.0,0
8,0.0,0.0,0
9,0.0,0.0,0
10,0.0,0.0,0
11,0.0,0.0,0
12,0.0,0.0,0
13,0.0,0.0,0
14,0.0,0.0,0
15,0.0,0.0,0
16,0.0,0.0,0
17,0.4285,0.4285,1
18,0.4285,0.4285,1
19,0.4285,0.4543,2
20,0.4285,0.4543,2
21,0.4033,0.4543,3
22,0.4033,0.4543,3
23,0.4199,0.4543,4
24,0.4199,0.4543,4
25,0.4199,0.4543,5
26,0.4199,0.4543,5
27,0.4199,0.4822,6
28,0.4199,0.4822,6
29,0.4199,0.4822,7
30,0.4199,0.4822,7
31,0.4199,0.4822,8
32,0.4199,0.4822,8
33,0.4199,0.4822,9
34,0.4199,0.4822,9
35,0.4199,0.4822,10
36,0.4199,0.4822,10
37,0.4507,0.4822,11
38,0.4507,0.4822,11
39,0.4507,0.483,12
40,0.4507,0.483,12
41,0.4507,0.483,13
42,0.4507,0.483,13
43,0.4507,0.483,14
44,0.4507,0.483,14
45,0.4717,0.483,15
46,0.4717,0.483,15
47,0.4717,0.483,16
48,0.4717,0.483,16
49,0.4612,0.483,17
50,0.4612,0.483,17
51,0.4223,0.483,18
52,0.4223,0.483,18
53,0.4223,0.483,19
54,0.4223,0.483,19
55,0.427,0.483,20
56,0.427,0.483,20
57,0.4199,0.483,21
58,0.4199,0.483,21
59,0.4544,0.483,22
60,0.4544,0.483,22
61,0.4774,0.483,23
62,0.4774,0.483,23
63,0.4774,0.5143,24
64,0.4774,0.5143,24
65,0.4272,0.5143,25
66,0.4272,0.5143,25
67,0.4272,0.5143,26
68,0.4272,0.5143,26
69,0.4272,0.5143,27
70,0.4272,0.5143,27
71,0.4272,0.5143,28
72,0.4272,0.5143,28
73,0.4272,0.5143,29
74,0.4272,0.5143,29
75,0.4272,0.5143,30
76,0.4272,0.5143,30
77,0.4272,0.5143,31
78,0.4272,0.5143,31
79,0.4272,0.5143,32
80,0.4272,0.5143,32
81,0.459,0.5143,33
82,0.459,0.5143,33
83,0.4839,0.5143,34
84,0.4839,0.5143,34
85,0.4637,0.5143,35
86,0.4637,0.5143,35
87,0.4637,0.5143,36
88,0.4637,0.5143,36
89,0.5024,0.5143,37
90,0.5024,0.5143,37
91,0.4325,0.5143,38
92,0.4325,0.5143,38
93,0.5008,0.5143,39
94,0.5008,0.5143,39
95,0.4891,0.5143,40
96,0.4891,0.5143,40
97,0.4715,0.5143,41
98,0.4715,0.5143,41
99,0.4715,0.5143,42
100,0.4715,0.5143,42
101,0.4715,0.5143,43
102,0.4715,0.5143,43
103,0.4695,0.5143,44
104,0.4695,0.5143,44
105,0.4695,0.5143,45
106,0.4695,0.5143,45
107,0.4194,0.5143,46
108,0.4194,0.5143,46
109,0.4194,0.5143,47
110,0.4194,0.5143,47
111,0.4194,0.5143,48
112,0.4194,0.5143,48
113,0.4485,0.5143,49
114,0.4485,0.5143,49
115,0.4081,0.5143,50
116,0.4081,0.5143,50
117,0.41,0.5143,51
118,0.41,0.5143,51
119,0.5131,0.5143,52
120,0.5131,0.5143,52
121,0.5131,0.5143,53
122,0.5131,0.5143,53
123,0.4519,0.5143,54
124,0.4519,0.5143,54
125,0.4519,0.5143,55
126,0.4519,0.5143,55
127,0.441,0.5143,56
128,0.441,0.5143,56
129,0.4771,0.5143,57
130,0.4771,0.5143,57
131,0.448,0.5143,58
132,0.448,0.5143,58
133,0.448,0.5143,59
134,0.448,0.5143,59
135,0.4801,0.5143,60
136,0.4801,0.5143,60
137,0.4801,0.5143,61
138,0.4801,0.5143,61
139,0.4801,0.5143,62
140,0.4801,0.5143,62
141,0.4801,0.5143,63
142,0.4801,0.5143,63
143,0.4268,0.5143,64
144,0.4268,0.5143,64
145,0.4659,0.5143,65
146,0.4659,0.5143,65
147,0.4659,0.5143,66
148,0.4659,0.5143,66
149,0.4659,0.5143,67
150,0.4659,0.5143,67
151,0.4808,0.5143,68
152,0.4808,0.5143,68
153,0.4762,0.5143,69
154,0.4762,0.5143,69
155,0.4744,0.5143,70
156,0.4744,0.5143,70
157,0.4084,0.5143,71
158,0.4084,0.5143,71
159,0.4084,0.5143,72
160,0.4084,0.5143,72
161,0.5048,0.5143,73
162,0.5048,0.5143,73
163,0.4283,0.5143,74
164,0.4283,0.5143,74
165,0.4283,0.5143,75
166,0.4283,0.5143,75
167,0.4283,0.5143,76
168,0.4283,0.5143,76
169,0.4283,0.5143,77
170,0.4283,0.5143,77
171,0.4283,0.5143,78
172,0.4283,0.5143,78
173,0.4283,0.5143,79
174,0.4283,0.5143,79
175,0.4283,0.5143,80
176,0.4283,0.5143,80
177,0.4946,0.5143,81
178,0.4946,0.5143,81
179,0.4446,0.5143,82
180,0.4446,0.5143,82
181,0.4446,0.5143,83
182,0.4446,0.5143,83
183,0.5046,0.5143,84
184,0.5046,0.5143,84
185,0.494,0.5143,85
186,0.494,0.5143,85
187,0.4854,0.5143,86
188,0.4854,0.5143,86
189,0.4593,0.5143,87
190,0.4593,0.5143,87
191,0.4593,0.5143,88
192,0.4593,0.5143,88
193,0.4774,0.5143,89
194,0.4774,0.5143,89
195,0.5184,0.5184,90
196,0.5184,0.5184,90
197,0.4426,0.5184,91
198,0.4426,0.5184,91
199,0.4426,0.5184,92
200,0.4426,0.5184,92
201,0.4426,0.5184,93
202,0.4426,0.5184,93
203,0.4426,0.5184,94
204,0.4426,0.5184,94
205,0.4426,0.5184,95
206,0.4426,0.5184,95
207,0.4426,0.5184,96
208,0.4426,0.5184,96
209,0.4756,0.5184,97
210,0.4756,0.5184,97
211,0.4654,0.5184,98
212,0.4654,0.5184,98
213,0.4899,0.5184,99
214,0.4899,0.5184,99
215,0.4899,0.5184,100
216,0.4899,0.5184,100
217,0.4513,0.5184,101
218,0.4513,0.5184,101
219,0.4513,0.5184,102
220,0.4513,0.5184,102
221,0.4582,0.5184,103
222,0.4582,0.5184,103
223,0.502,0.5184,104
224,0.502,0.5184,104
225,0.502,0.5184,105
226,0.502,0.5184,105
227,0.4792,0.5184,106
228,0.4792,0.5184,106
229,0.4792,0.5184,107
230,0.4792,0.5184,107
231,0.4792,0.5184,108
232,0.4792,0.5184,108
233,0.4792,0.5184,109
234,0.4792,0.5184,109
235,0.4792,0.5184,110
236,0.4792,0.5184,110
237,0.4792,0.5184,111
238,0.4792,0.5184,111
239,0.4792,0.5274,112
240,0.4792,0.5274,112
241,0.449,0.5274,113
242,0.449,0.5274,113
243,0.3936,0.5274,114
244,0.3936,0.5274,114
245,0.3936,0.5274,115
246,0.3936,0.5274,115
247,0.3936,0.5274,116
248,0.3936,0.5274,116
249,0.4724,0.5274,117
250,0.4724,0.5274,117
251,0.4813,0.5274,118
252,0.4813,0.5274,118
253,0.4611,0.5274,119
254,0.4611,0.5274,119
255,0.4691,0.5274,120
256,0.4691,0.5274,120
257,0.4691,0.5274,121
258,0.4691,0.5274,121
259,0.4245,0.5274,122
260,0.4245,0.5274,122
261,0.4245,0.5274,123
262,0.4245,0.5274,123
263,0.4547,0.5274,124
264,0.4547,0.5274,124
265,0.4547,0.5274,125
266,0.4547,0.5274,125
267,0.4547,0.5274,126
268,0.4547,0.5274,126
269,0.4547,0.5274,127
270,0.4547,0.5274,127
271,0.5269,0.5274,128
272,0.5269,0.5274,128
273,0.5021,0.5274,129
274,0.5021,0.5274,129
275,0.3915,0.5274,130
276,0.3915,0.5274,130
277,0.3915,0.5274,131
278,0.3915,0.5274,131
279,0.3915,0.5274,132
280,0.3915,0.5274,132
281,0.3915,0.5274,133
282,0.3915,0.5274,133
283,0.4642,0.5274,134
284,0.4642,0.5274,134
285,0.4642,0.5274,135
286,0.4642,0.5274,135
287,0.4542,0.5274,136
288,0.4542,0.5274,136
289,0.4697,0.5274,137
290,0.4697,0.5274,137
291,0.4697,0.5274,138
292,0.4697,0.5274,138
293,0.4872,0.5274,139
294,0.4872,0.5274,139
295,0.4872,0.5274,140
296,0.4872,0.5274,140
297,0.5325,0.5325,141
298,0.5325,0.5325,141
299,0.5325,0.5325,142
300,0.5325,0.5325,142
301,0.5325,0.5325,143
302,0.5325,0.5325,143
303,0.5325,0.5325,144
304,0.5325,0.5325,144
305,0.5327,0.5327,145
306,0.5327,0.5327,145
307,0.5269,0.5327,146
308,0.5269,0.5327,146
309,0.5346,0.5346,147
310,0.5346,0.5346,147
311,0.5346,0.5346,148
312,0.5346,0.5346,148
313,0.5157,0.5346,149
314,0.5157,0.5346,149
315,0.5189,0.5346,150
316,0.5189,0.5346,150
317,0.4526,0.5346,151
318,0.4526,0.5346,151
319,0.4526,0.5346,152
320,0.4526,0.5346,152
321,0.4526,0.5346,153
322,0.4526,0.5346,153
323,0.5051,0.5346,154
324,0.5051,0.5346,154
325,0.5051,0.5346,155
326,0.5051,0.5346,155
327,0.5051,0.5346,156
328,0.5051,0.5346,156
329,0.5051,0.5346,157
330,0.5051,0.5346,157
331,0.5051,0.5346,158
332,0.5051,0.5346,158
333,0.5051,0.5346,159
334,0.5051,0.5346,159
335,0.5051,0.5346,160
336,0.5051,0.5346,160
337,0.4944,0.5346,161
338,0.4944,0.5346,161
339,0.4667,0.5346,162
340,0.4667,0.5346,162
341,0.4667,0.5346,163
342,0.4667,0.5346,163
343,0.4667,0.5346,164
344,0.4667,0.5346,164
345,0.4667,0.5346,165
346,0.4667,0.5346,165
347,0.4379,0.5346,166
348,0.4379,0.5346,166
349,0.4712,0.5346,167
350,0.4712,0.5346,167
351,0.4712,0.5346,168
352,0.4712,0.5346,168
353,0.4712,0.5346,169
354,0.4712,0.5346,169
355,0.4209,0.5346,170
356,0.4209,0.5346,170
357,0.4143,0.5346,171
358,0.4143,0.5346,171
359,0.4143,0.5346,172
360,0.4143,0.5346,172
361,0.4143,0.5346,173
362,0.4143,0.5346,173
363,0.4143,0.5346,174
364,0.4143,0.5346,174
365,0.4143,0.5346,175
366,0.4143,0.5346,175
367,0.5135,0.5346,176
368,0.5135,0.5346,176
369,0.4912,0.5346,177
370,0.4912,0.5346,177
371,0.4602,0.5346,178
372,0.4602,0.5346,178
373,0.4602,0.5346,179
374,0.4602,0.5346,179
375,0.4804,0.5346,180
376,0.4804,0.5346,180
377,0.4317,0.5346,181
378,0.4317,0.5346,181
379,0.4317,0.5346,182
380,0.4317,0.5346,182
381,0.4317,0.5346,183
382,0.4317,0.5346,183
383,0.4949,0.5346,184
384,0.4949,0.5346,184
385,0.4949,0.5346,185
386,0.4949,0.5346,186
387,0.4949,0.5346,187
388,0.4949,0.5346,188
389,0.4949,0.5346,189
390,0.4949,0.5346,190
391,0.4478,0.5346,191
392,0.4478,0.5346,192
393,0.4802,0.5346,193
394,0.4735,0.5346,194
395,0.4735,0.5346,195
396,0.4633,0.5346,196
397,0.437,0.5346,197
398,0.437,0.5346,198
399,0.437,0.5346,199
0,0.0,0.0,0
1,0.0,0.0,0
2,0.0,0.0,0
3,0.0,0.0,0
4,0.0,0.0,0
5,0.0,0.0,0
6,0.0,0.0,0
7,0.0,0.0,0
8,0.0,0.0,0
9,0.0,0.0,0
10,0.0,0.0,0
11,0.0,0.0,0
12,0.0,0.0,0
13,0.0,0.0,0
14,0.0,0.0,0
15,0.0,0.0,0
16,0.0,0.0,0
17,0.5025,0.5025,1
18,0.5025,0.5025,1
19,0.5322,0.5322,2
20,0.5322,0.5322,2
21,0.4232,0.5322,3
22,0.4232,0.5322,3
23,0.4675,0.5322,4
24,0.4675,0.5322,4
25,0.4835,0.5322,5
26,0.4835,0.5322,5
27,0.4835,0.5322,6
28,0.4835,0.5322,6
29,0.4835,0.5322,7
30,0.4835,0.5322,7
31,0.4835,0.5322,8
32,0.4835,0.5322,8
33,0.4835,0.5322,9
34,0.4835,0.5322,9
35,0.4835,0.5322,10
36,0.4835,0.5322,10
37,0.4835,0.5322,11
38,0.4835,0.5322,11
39,0.4789,0.5322,12
40,0.4789,0.5322,12
41,0.4852,0.5322,13
42,0.4852,0.5322,13
43,0.4852,0.5322,14
44,0.4852,0.5322,14
45,0.5115,0.5322,15
46,0.5115,0.5322,15
47,0.5078,0.5322,16
48,0.5078,0.5322,16
49,0.4195,0.5322,17
50,0.4195,0.5322,17
51,0.4796,0.5322,18
52,0.4796,0.5322,18
53,0.4796,0.5322,18
54,0.4796,0.5322,18
55,0.4796,0.5322,18
56,0.4796,0.5322,18
57,0.5126,0.5322,19
58,0.5126,0.5322,19
59,0.4665,0.5322,20
60,0.4665,0.5322,20
61,0.4665,0.5322,20
62,0.4665,0.5322,20
63,0.4665,0.5322,20
64,0.4665,0.5322,20
65,0.4665,0.5322,20
66,0.4665,0.5322,20
67,0.4704,0.5322,21
68,0.4704,0.5322,21
69,0.5171,0.5322,22
70,0.5171,0.5322,22
71,0.5171,0.5322,22
72,0.5171,0.5322,22
73,0.5171,0.5322,22
74,0.5171,0.5322,22
75,0.5171,0.5322,22
76,0.5171,0.5322,22
77,0.5171,0.5322,22
78,0.5171,0.5322,22
79,0.5171,0.5322,23
80,0.5171,0.5322,23
81,0.5171,0.5322,23
82,0.5171,0.5322,23
83,0.5171,0.5322,24
84,0.5171,0.5322,24
85,0.4385,0.5322,25
86,0.4385,0.5322,25
87,0.4385,0.5322,25
88,0.4385,0.5322,25
89,0.4385,0.5322,25
90,0.4385,0.5322,25
91,0.4385,0.5322,25
92,0.4385,0.5322,25
93,0.4385,0.5322,26
94,0.4385,0.5322,26
95,0.4385,0.5322,26
96,0.4385,0.5322,26
97,0.4385,0.5322,27
98,0.4385,0.5322,27
99,0.4385,0.5322,27
100,0.4385,0.5322,27
101,0.4385,0.5322,27
102,0.4385,0.5322,27
103,0.4385,0.5322,27
104,0.4385,0.5322,27
105,0.4385,0.5322,27
106,0.4385,0.5322,27
107,0.4385,0.5322,27
108,0.4385,0.5322,27
109,0.4385,0.5322,27
110,0.4385,0.5322,27
111,0.4385,0.5322,28
112,0.4385,0.5322,28
113,0.4385,0.5322,28
114,0.4385,0.5322,28
115,0.4385,0.5322,29
116,0.4385,0.5322,29
117,0.4385,0.5322,29
118,0.4385,0.5322,29
119,0.4385,0.5322,30
120,0.4385,0.5322,30
121,0.4385,0.5337,31
122,0.4385,0.5337,31
123,0.4385,0.5337,31
124,0.4385,0.5337,31
125,0.4385,0.5337,32
126,0.4385,0.5337,32
127,0.4385,0.5337,32
128,0.4385,0.5337,32
129,0.4385,0.5337,32
130,0.4385,0.5337,32
131,0.4385,0.5337,32
132,0.4385,0.5337,32
133,0.4385,0.5337,32
134,0.4385,0.5337,32
135,0.4385,0.5337,32
136,0.4385,0.5337,32
137,0.4385,0.5337,32
138,0.4385,0.5337,32
139,0.4385,0.5337,32
140,0.4385,0.5337,32
141,0.4385,0.5337,32
142,0.4385,0.5337,32
143,0.4385,0.5337,32
144,0.4385,0.5337,32
145,0.4385,0.5337,32
146,0.4385,0.5337,32
147,0.4385,0.5337,32
148,0.4385,0.5337,32
149,0.4385,0.5337,32
150,0.4385,0.5337,32
151,0.4385,0.5337,32
152,0.4385,0.5337,32
153,0.4385,0.5337,32
154,0.4385,0.5337,32
155,0.4385,0.5337,32
156,0.4385,0.5337,32
157,0.4385,0.5337,32
158,0.4385,0.5337,32
159,0.4385,0.5337,32
160,0.4385,0.5337,32
161,0.4385,0.5337,32
162,0.4385,0.5337,32
163,0.4385,0.5337,32
164,0.4385,0.5337,32
165,0.4385,0.5337,32
166,0.4385,0.5337,32
167,0.4385,0.5337,32
168,0.4385,0.5337,32
169,0.4385,0.5337,32
170,0.4385,0.5337,32
171,0.4385,0.5337,32
172,0.4385,0.5337,32
173,0.4385,0.5337,32
174,0.4385,0.5337,32
175,0.4385,0.5337,32
176,0.4385,0.5337,32
177,0.4385,0.5337,32
178,0.4385,0.5337,32
179,0.4385,0.5337,32
180,0.4385,0.5337,32
181,0.4385,0.5337,32
182,0.4385,0.5337,32
183,0.4385,0.5337,32
184,0.4385,0.5337,32
185,0.4385,0.5337,32
186,0.4385,0.5337,32
187,0.4385,0.5337,32
188,0.4385,0.5337,32
189,0.4385,0.5337,32
190,0.4385,0.5337,32
191,0.4385,0.5337,32
192,0.4385,0.5337,32
193,0.4385,0.5337,32
194,0.4385,0.5337,32
195,0.4385,0.5337,32
196,0.4385,0.5337,32
197,0.4385,0.5337,32
198,0.4385,0.5337,32
199,0.4385,0.5337,32
200,0.4385,0.5337,32
201,0.4385,0.5337,32
202,0.4385,0.5337,32
203,0.4385,0.5337,32
204,0.4385,0.5337,32
205,0.4385,0.5337,32
206,0.4385,0.5337,32
207,0.4385,0.5337,32
208,0.4385,0.5337,32
209,0.4385,0.5337,32
210,0.4385,0.5337,32
211,0.4385,0.5337,32
212,0.4385,0.5337,32
213,0.4385,0.5337,32
214,0.4385,0.5337,32
215,0.4385,0.5337,32
216,0.4385,0.5337,32
217,0.4385,0.5337,32
218,0.4385,0.5337,32
219,0.4385,0.5337,32
220,0.4385,0.5337,32
221,0.4385,0.5337,32
222,0.4385,0.5337,32
223,0.4385,0.5337,32
224,0.4385,0.5337,32
225,0.4385,0.5337,32
226,0.4385,0.5337,32
227,0.4385,0.5337,32
228,0.4385,0.5337,32
229,0.4385,0.5337,32
230,0.4385,0.5337,32
231,0.4385,0.5337,32
232,0.4385,0.5337,32
233,0.4385,0.5337,32
234,0.4385,0.5337,32
235,0.4385,0.5337,32
236,0.4385,0.5337,32
237,0.4385,0.5337,32
238,0.4385,0.5337,32
239,0.4385,0.5337,32
240,0.4385,0.5337,32
241,0.4385,0.5337,32
242,0.4385,0.5337,32
243,0.4385,0.5337,32
244,0.4385,0.5337,32
245,0.4385,0.5337,32
246,0.4385,0.5337,32
247,0.4385,0.5337,32
248,0.4385,0.5337,32
249,0.4385,0.5337,32
250,0.4385,0.5337,32
251,0.4385,0.5337,32
252,0.4385,0.5337,32
253,0.4385,0.5337,32
254,0.4385,0.5337,32
255,0.4385,0.5337,32
256,0.4385,0.5337,32
257,0.4385,0.5337,32
258,0.4385,0.5337,32
259,0.4385,0.5337,32
260,0.4385,0.5337,32
261,0.4385,0.5337,32
262,0.4385,0.5337,32
263,0.4385,0.5337,32
264,0.4385,0.5337,32
265,0.4385,0.5337,32
266,0.4385,0.5337,32
267,0.4385,0.5337,32
268,0.4385,0.5337,32
269,0.4385,0.5337,32
270,0.4385,0.5337,32
271,0.4385,0.5337,32
272,0.4385,0.5337,32
273,0.4385,0.5337,32
274,0.4385,0.5337,32
275,0.4385,0.5337,32
276,0.4385,0.5337,32
277,0.4385,0.5337,32
278,0.4385,0.5337,32
279,0.4385,0.5337,32
280,0.4385,0.5337,32
281,0.4385,0.5337,32
282,0.4385,0.5337,32
283,0.4385,0.5337,32
284,0.4385,0.5337,32
285,0.4385,0.5337,32
286,0.4385,0.5337,32
287,0.4385,0.5337,32
288,0.4385,0.5337,32
289,0.4385,0.5337,32
290,0.4385,0.5337,32
291,0.4385,0.5337,32
292,0.4385,0.5337,32
293,0.4385,0.5337,32
294,0.4385,0.5337,32
295,0.4385,0.5337,32
296,0.4385,0.5337,32
297,0.4385,0.5337,32
298,0.4385,0.5337,32
299,0.4385,0.5337,32
300,0.4385,0.5337,32
301,0.4385,0.5337,32
302,0.4385,0.5337,32
303,0.4385,0.5337,32
304,0.4385,0.5337,32
305,0.4385,0.5337,32
306,0.4385,0.5337,32
307,0.4385,0.5337,32
308,0.4385,0.5337,32
309,0.4385,0.5337,32
310,0.4385,0.5337,32
311,0.4385,0.5337,32
312,0.4385,0.5337,32
313,0.4385,0.5337,32
314,0.4385,0.5337,32
315,0.4385,0.5337,32
316,0.4385,0.5337,32
317,0.4385,0.5337,32
318,0.4385,0.5337,32
319,0.4385,0.5337,32
320,0.4385,0.5337,32
321,0.4385,0.5337,32
322,0.4385,0.5337,32
323,0.4385,0.5337,32
324,0.4385,0.5337,32
325,0.4385,0.5337,32
326,0.4385,0.5337,32
327,0.4385,0.5337,32
328,0.4385,0.5337,32
329,0.4385,0.5337,32
330,0.4385,0.5337,32
331,0.4385,0.5337,32
332,0.4385,0.5337,32
333,0.4385,0.5337,32
334,0.4385,0.5337,32
335,0.4385,0.5337,32
336,0.4385,0.5337,32
337,0.4385,0.5337,32
338,0.4385,0.5337,32
339,0.4385,0.5337,32
340,0.4385,0.5337,32
341,0.4385,0.5337,32
342,0.4385,0.5337,32
343,0.4385,0.5337,32
344,0.4385,0.5337,32
345,0.4385,0.5337,32
346,0.4385,0.5337,32
347,0.4385,0.5337,32
348,0.4385,0.5337,32
349,0.4385,0.5337,32
350,0.4385,0.5337,32
351,0.4385,0.5337,32
352,0.4385,0.5337,32
353,0.4385,0.5337,32
354,0.4385,0.5337,32
355,0.4385,0.5337,32
356,0.4385,0.5337,32
357,0.4385,0.5337,32
358,0.4385,0.5337,32
359,0.4385,0.5337,32
360,0.4385,0.5337,32
361,0.4385,0.5337,32
362,0.4385,0.5337,32
363,0.4385,0.5337,32
364,0.4385,0.5337,32
365,0.4385,0.5337,32
366,0.4385,0.5337,32
367,0.4385,0.5337,32
368,0.4385,0.5337,32
369,0.4385,0.5337,32
370,0.4385,0.5337,32
371,0.4385,0.5337,32
372,0.4385,0.5337,32
373,0.4385,0.5337,32
374,0.4385,0.5337,32
375,0.4385,0.5337,32
376,0.4385,0.5337,32
377,0.4385,0.5337,32
378,0.4385,0.5337,32
379,0.4385,0.5337,32
380,0.4385,0.5337,32
381,0.4385,0.5337,32
382,0.4385,0.5337,32
383,0.4385,0.5337,32
384,0.4385,0.5337,32
385,0.4385,0.5337,32
386,0.4385,0.5337,32
387,0.4385,0.5337,32
388,0.4385,0.5337,32
389,0.4385,0.5337,32
390,0.4385,0.5337,32
391,0.4385,0.5337,32
392,0.4385,0.5337,32
393,0.4385,0.5337,32
394,0.4385,0.5337,32
395,0.4385,0.5337,32
396,0.4385,0.5337,32
397,0.4385,0.5337,32
398,0.4385,0.5337,32
399,0.4385,0.5337,32
0,0.0,0.0,0
1,0.0,0.0,0
2,0.0,0.0,0
3,0.0,0.0,0
4,0.0,0.0,0
5,0.0,0.0,0
6,0.0,0.0,0
7,0.0,0.0,0
8,0.0,0.0,0
9,0.0,0.0,0
10,0.0,0.0,0
11,0.0,0.0,0
12,0.0,0.0,0
13,0.0,0.0,0
14,0.0,0.0,0
15,0.0,0.0,0
16,0.0,0.0,0
17,0.0,0.0,0
18,0.0,0.0,0
19,0.0,0.0,0
20,0.0,0.0,0
21,0.0,0.0,0
22,0.0,0.0,0
23,0.0,0.0,0
24,0.0,0.0,0
25,0.0,0.0,0
26,0.0,0.0,0
27,0.0,0.0,0
28,0.0,0.0,0
29,0.0,0.0,0
30,0.0,0.0,0
31,0.0,0.0,0
32,0.0,0.0,0
33,0.0,0.0,0
34,0.0,0.0,0
35,0.0,0.0,0
36,0.0,0.0,0
37,0.0,0.0,0
38,0.0,0.0,0
39,0.0,0.0,0
40,0.0,0.0,0
41,0.0,0.0,0
42,0.0,0.0,0
43,0.0,0.0,0
44,0.0,0.0,0
45,0.0,0.0,0
46,0.0,0.0,0
47,0.0,0.0,0
48,0.0,0.0,0
49,0.0,0.0,0
50,0.0,0.0,0
51,0.0,0.0,0
52,0.0,0.0,0
53,0.0,0.0,0
54,0.0,0.0,0
55,0.0,0.0,0
56,0.0,0.0,0
57,0.0,0.0,0
58,0.0,0.0,0
59,0.0,0.0,0
60,0.0,0.0,0
61,0.0,0.0,0
62,0.0,0.0,0
63,0.0,0.0,0
64,0.0,0.0,0
65,0.0,0.0,0
66,0.0,0.0,0
67,0.0,0.0,0
68,0.0,0.0,0
69,0.0,0.0,0
70,0.0,0.0,0
71,0.0,0.0,0
72,0.0,0.0,0
73,0.0,0.0,0
74,0.0,0.0,0
75,0.0,0.0,0
76,0.0,0.0,0
77,0.0,0.0,0
78,0.0,0.0,0
79,0.0,0.0,0
80,0.0,0.0,0
81,0.0,0.0,0
82,0.0,0.0,0
83,0.0,0.0,0
84,0.0,0.0,0
85,0.0,0.0,0
86,0.0,0.0,0
87,0.0,0.0,0
88,0.0,0.0,0
89,0.0,0.0,0
90,0.0,0.0,0
91,0.0,0.0,0
92,0.0,0.0,0
93,0.0,0.0,0
94,0.0,0.0,0
95,0.0,0.0,0
96,0.0,0.0,0
97,0.0,0.0,0
98,0.0,0.0,0
99,0.0,0.0,0
100,0.0,0.0,0
101,0.0,0.0,0
102,0.0,0.0,0
103,0.0,0.0,0
104,0.0,0.0,0
105,0.0,0.0,0
106,0.0,0.0,0
107,0.0,0.0,0
108,0.0,0.0,0
109,0.0,0.0,0
110,0.0,0.0,0
111,0.0,0.0,0
112,0.0,0.0,0
113,0.0,0.0,0
114,0.0,0.0,0
115,0.0,0.0,0
116,0.0,0.0,0
117,0.0,0.0,0
118,0.0,0.0,0
119,0.0,0.0,0
120,0.0,0.0,0
121,0.0,0.0,0
122,0.0,0.0,0
123,0.0,0.0,0
124,0.0,0.0,0
125,0.0,0.0,0
126,0.0,0.0,0
127,0.0,0.0,0
128,0.0,0.0,0
129,0.0,0.0,0
130,0.0,0.0,0
131,0.0,0.0,0
132,0.0,0.0,0
133,0.0,0.0,0
134,0.0,0.0,0
135,0.0,0.0,0
136,0.0,0.0,0
137,0.0,0.0,0
138,0.0,0.0,0
139,0.0,0.0,0
140,0.0,0.0,0
141,0.0,0.0,0
142,0.0,0.0,0
143,0.0,0.0,0
144,0.0,0.0,0
145,0.0,0.0,0
146,0.0,0.0,0
147,0.0,0.0,0
148,0.0,0.0,0
149,0.0,0.0,0
150,0.0,0.0,0
151,0.0,0.0,0
152,0.0,0.0,0
153,0.0,0.0,0
154,0.0,0.0,0
155,0.0,0.0,0
156,0.0,0.0,0
157,0.0,0.0,0
158,0.0,0.0,0
159,0.0,0.0,0
160,0.0,0.0,0
161,0.0,0.0,0
162,0.0,0.0,0
163,0.0,0.0,0
164,0.0,0.0,0
165,0.0,0.0,0
166,0.0,0.0,0
167,0.0,0.0,0
168,0.0,0.0,0
169,0.0,0.0,0
170,0.0,0.0,0
171,0.0,0.0,0
172,0.0,0.0,0
173,0.0,0.0,0
174,0.0,0.0,0
175,0.0,0.0,0
176,0.0,0.0,0
177,0.0,0.0,0
178,0.0,0.0,0
179,0.0,0.0,0
180,0.0,0.0,0
181,0.0,0.0,0
182,0.0,0.0,0
183,0.0,0.0,0
184,0.0,0.0,0
185,0.0,0.0,0
186,0.0,0.0,0
187,0.0,0.0,0
188,0.0,0.0,0
189,0.0,0.0,0
190,0.0,0.0,0
191,0.0,0.0,0
192,0.0,0.0,0
193,0.0,0.0,0
194,0.0,0.0,0
195,0.0,0.0,0
196,0.0,0.0,0
197,0.0,0.0,0
198,0.0,0.0,0
199,0.0,0.0,0
200,0.0,0.0,0
201,0.0,0.0,0
202,0.0,0.0,0
203,0.0,0.0,0
204,0.0,0.0,0
205,0.0,0.0,0
206,0.0,0.0,0
207,0.0,0.0,0
208,0.0,0.0,0
209,0.0,0.0,0
210,0.0,0.0,0
211,0.0,0.0,0
212,0.0,0.0,0
213,0.0,0.0,0
214,0.0,0.0,0
215,0.0,0.0,0
216,0.0,0.0,0
217,0.0,0.0,0
218,0.0,0.0,0
219,0.0,0.0,0
220,0.0,0.0,0
221,0.0,0.0,0
222,0.0,0.0,0
223,0.0,0.0,0
224,0.0,0.0,0
225,0.0,0.0,0
226,0.0,0.0,0
227,0.0,0.0,0
228,0.0,0.0,0
229,0.0,0.0,0
230,0.0,0.0,0
231,0.0,0.0,0
232,0.0,0.0,0
233,0.0,0.0,0
234,0.0,0.0,0
235,0.0,0.0,0
236,0.0,0.0,0
237,0.0,0.0,0
238,0.0,0.0,0
239,0.0,0.0,0
240,0.0,0.0,0
241,0.0,0.0,0
242,0.0,0.0,0
243,0.0,0.0,0
244,0.0,0.0,0
245,0.0,0.0,0
246,0.0,0.0,0
247,0.0,0.0,0
248,0.0,0.0,0
249,0.0,0.0,0
250,0.0,0.0,0
251,0.0,0.0,0
252,0.0,0.0,0
253,0.0,0.0,0
254,0.0,0.0,0
255,0.0,0.0,0
256,0.0,0.0,0
257,0.0,0.0,0
258,0.0,0.0,0
259,0.0,0.0,0
260,0.0,0.0,0
261,0.0,0.0,0
262,0.0,0.0,0
263,0.0,0.0,0
264,0.0,0.0,0
265,0.0,0.0,0
266,0.0,0.0,0
267,0.0,0.0,0
268,0.0,0.0,0
269,0.0,0.0,0
270,0.0,0.0,0
271,0.0,0.0,0
272,0.0,0.0,0
273,0.0,0.0,0
274,0.0,0.0,0
275,0.0,0.0,0
276,0.0,0.0,0
277,0.0,0.0,0
278,0.0,0.0,0
279,0.0,0.0,0
280,0.0,0.0,0
281,0.0,0.0,0
282,0.0,0.0,0
283,0.0,0.0,0
284,0.0,0.0,0
285,0.0,0.0,0
286,0.0,0.0,0
287,0.0,0.0,0
288,0.0,0.0,0
289,0.0,0.0,0
290,0.0,0.0,0
291,0.0,0.0,0
292,0.0,0.0,0
293,0.0,0.0,0
294,0.0,0.0,0
295,0.0,0.0,0
296,0.0,0.0,0
297,0.0,0.0,0
298,0.0,0.0,0
299,0.0,0.0,0
300,0.0,0.0,0
301,0.0,0.0,0
302,0.0,0.0,0
303,0.0,0.0,0
304,0.0,0.0,0
305,0.0,0.0,0
306,0.0,0.0,0
307,0.0,0.0,0
308,0.0,0.0,0
309,0.0,0.0,0
310,0.0,0.0,0
311,0.0,0.0,0
312,0.0,0.0,0
313,0.0,0.0,0
314,0.0,0.0,0
315,0.0,0.0,0
316,0.0,0.0,0
317,0.0,0.0,0
318,0.0,0.0,0
319,0.0,0.0,0
320,0.0,0.0,0
321,0.0,0.0,0
322,0.0,0.0,0
323,0.0,0.0,0
324,0.0,0.0,0
325,0.0,0.0,0
326,0.0,0.0,0
327,0.0,0.0,0
328,0.0,0.0,0
329,0.0,0.0,0
330,0.0,0.0,0
331,0.0,0.0,0
332,0.0,0.0,0
333,0.0,0.0,0
334,0.0,0.0,0
335,0.0,0.0,0
336,0.0,0.0,0
337,0.0,0.0,0
338,0.0,0.0,0
339,0.0,0.0,0
340,0.0,0.0,0
341,0.0,0.0,0
342,0.0,0.0,0
343,0.0,0.0,0
344,0.0,0.0,0
345,0.0,0.0,0
346,0.0,0.0,0
347,0.0,0.0,0
348,0.0,0.0,0
349,0.0,0.0,0
350,0.0,0.0,0
351,0.0,0.0,0
352,0.0,0.0,0
353,0.0,0.0,0
354,0.0,0.0,0
355,0.0,0.0,0
356,0.0,0.0,0
357,0.0,0.0,0
358,0.0,0.0,0
359,0.0,0.0,0
360,0.0,0.0,0
361,0.0,0.0,0
362,0.0,0.0,0
363,0.0,0.0,0
364,0.0,0.0,0
365,0.0,0.0,0
366,0.0,0.0,0
367,0.0,0.0,0
368,0.0,0.0,0
369,0.0,0.0,0
370,0.0,0.0,0
371,0.0,0.0,0
372,0.0,0.0,0
373,0.0,0.0,0
374,0.0,0.0,0
375,0.0,0.0,0
376,0.0,0.0,0
377,0.0,0.0,0
378,0.0,0.0,0
379,0.0,0.0,0
380,0.0,0.0,0
381,0.0,0.0,0
382,0.0,0.0,0
383,0.0,0.0,0
384,0.0,0.0,0
385,0.0,0.0,0
386,0.0,0.0,0
387,0.0,0.0,0
388,0.0,0.0,0
389,0.0,0.0,0
390,0.0,0.0,0
391,0.0,0.0,0
392,0.0,0.0,0
393,0.0,0.0,0
394,0.0,0.0,0
395,0.0,0.0,0
396,0.0,0.0,0
397,0.0,0.0,0
398,0.0,0.0,0
399,0.0,0.0,0
0,0.0,0.0,0
1,0.0,0.0,0
2,0.0,0.0,0
3,0.0,0.0,0
4,0.0,0.0,0
5,0.0,0.0,0
6,0.0,0.0,0
7,0.0,0.0,0
8,0.0,0.0,0
9,0.0,0.0,0
10,0.0,0.0,0
11,0.0,0.0,0
12,0.0,0.0,0
13,0.0,0.0,0
14,0.0,0.0,0
15,0.0,0.0,0
16,0.0,0.0,0
17,0.0,0.0,0
18,0.0,0.0,0
19,0.0,0.0,0
20,0.0,0.0,0
21,0.0,0.0,0
22,0.0,0.0,0
23,0.0,0.0,0
24,0.0,0.0,0
25,0.0,0.0,0
26,0.0,0.0,0
27,0.0,0.0,0
28,0.0,0.0,0
29,0.0,0.0,0
30,0.0,0.0,0
31,0.0,0.0,0
32,0.0,0.0,0
33,0.0,0.0,0
34,0.0,0.0,0
35,0.0,0.0,0
36,0.0,0.0,0
37,0.0,0.0,0
38,0.0,0.0,0
39,0.0,0.0,0
40,0.0,0.0,0
41,0.0,0.0,0
42,0.0,0.0,0
43,0.0,0.0,0
44,0.0,0.0,0
45,0.0,0.0,0
46,0.0,0.0,0
47,0.0,0.0,0
48,0.0,0.0,0
49,0.0,0.0,0
50,0.0,0.0,0
51,0.0,0.0,0
52,0.0,0.0,0
53,0.0,0.0,0
54,0.0,0.0,0
55,0.0,0.0,0
56,0.0,0.0,0
57,0.0,0.0,0
58,0.0,0.0,0
59,0.0,0.0,0
60,0.0,0.0,0
61,0.0,0.0,0
62,0.0,0.0,0
63,0.0,0.0,0
64,0.0,0.0,0
65,0.0,0.0,0
66,0.0,0.0,0
67,0.0,0.0,0
68,0.0,0.0,0
69,0.0,0.0,0
70,0.0,0.0,0
71,0.0,0.0,0
72,0.0,0.0,0
73,0.0,0.0,0
74,0.0,0.0,0
75,0.0,0.0,0
76,0.0,0.0,0
77,0.0,0.0,0
78,0.0,0.0,0
79,0.0,0.0,0
80,0.0,0.0,0
81,0.0,0.0,0
82,0.0,0.0,0
83,0.0,0.0,0
84,0.0,0.0,0
85,0.0,0.0,0
86,0.0,0.0,0
87,0.0,0.0,0
88,0.0,0.0,0
89,0.0,0.0,0
90,0.0,0.0,0
91,0.0,0.0,0
92,0.0,0.0,0
93,0.0,0.0,0
94,0.0,0.0,0
95,0.0,0.0,0
96,0.0,0.0,0
97,0.0,0.0,0
98,0.0,0.0,0
99,0.0,0.0,0
100,0.0,0.0,0
101,0.0,0.0,0
102,0.0,0.0,0
103,0.0,0.0,0
104,0.0,0.0,0
105,0.0,0.0,0
106,0.0,0.0,0
107,0.0,0.0,0
108,0.0,0.0,0
109,0.0,0.0,0
110,0.0,0.0,0
111,0.0,0.0,0
112,0.0,0.0,0
113,0.0,0.0,0
114,0.0,0.0,0
115,0.0,0.0,0
116,0.0,0.0,0
117,0.0,0.0,0
118,0.0,0.0,0
119,0.0,0.0,0
120,0.0,0.0,0
121,0.0,0.0,0
122,0.0,0.0,0
123,0.0,0.0,0
124,0.0,0.0,0
125,0.0,0.0,0
126,0.0,0.0,0
127,0.0,0.0,0
128,0.0,0.0,0
129,0.0,0.0,0
130,0.0,0.0,0
131,0.0,0.0,0
132,0.0,0.0,0
133,0.0,0.0,0
134,0.0,0.0,0
135,0.0,0.0,0
136,0.0,0.0,0
137,0.0,0.0,0
138,0.0,0.0,0
139,0.0,0.0,0
140,0.0,0.0,0
141,0.0,0.0,0
142,0.0,0.0,0
143,0.0,0.0,0
144,0.0,0.0,0
145,0.0,0.0,0
146,0.0,0.0,0
147,0.0,0.0,0
148,0.0,0.0,0
149,0.0,0.0,0
150,0.0,0.0,0
151,0.0,0.0,0
152,0.0,0.0,0
153,0.0,0.0,0
154,0.0,0.0,0
155,0.0,0.0,0
156,0.0,0.0,0
157,0.0,0.0,0
158,0.0,0.0,0
159,0.0,0.0,0
160,0.0,0.0,0
161,0.0,0.0,0
162,0.0,0.0,0
163,0.0,0.0,0
164,0.0,0.0,0
165,0.0,0.0,0
166,0.0,0.0,0
167,0.0,0.0,0
168,0.0,0.0,0
169,0.0,0.0,0
170,0.0,0.0,0
171,0.0,0.0,0
172,0.0,0.0,0
173,0.0,0.0,0
174,0.0,0.0,0
175,0.0,0.0,0
176,0.0,0.0,0
177,0.0,0.0,0
178,0.0,0.0,0
179,0.0,0.0,0
180,0.0,0.0,0
181,0.0,0.0,0
182,0.0,0.0,0
183,0.0,0.0,0
184,0.0,0.0,0
185,0.0,0.0,0
186,0.0,0.0,0
187,0.0,0.0,0
188,0.0,0.0,0
189,0.0,0.0,0
190,0.0,0.0,0
191,0.0,0.0,0
192,0.0,0.0,0
193,0.0,0.0,0
194,0.0,0.0,0
195,0.0,0.0,0
196,0.0,0.0,0
197,0.0,0.0,0
198,0.0,0.0,0
199,0.0,0.0,0
200,0.0,0.0,0
201,0.0,0.0,0
202,0.0,0.0,0
203,0.0,0.0,0
204,0.0,0.0,0
205,0.0,0.0,0
206,0.0,0.0,0
207,0.0,0.0,0
208,0.0,0.0,0
209,0.0,0.0,0
210,0.0,0.0,0
211,0.0,0.0,0
212,0.0,0.0,0
213,0.0,0.0,0
214,0.0,0.0,0
215,0.0,0.0,0
216,0.0,0.0,0
217,0.0,0.0,0
218,0.0,0.0,0
219,0.0,0.0,0
220,0.0,0.0,0
221,0.0,0.0,0
222,0.0,0.0,0
223,0.0,0.0,0
224,0.0,0.0,0
225,0.0,0.0,0
226,0.0,0.0,0
227,0.0,0.0,0
228,0.0,0.0,0
229,0.0,0.0,0
230,0.0,0.0,0
231,0.0,0.0,0
232,0.0,0.0,0
233,0.0,0.0,0
234,0.0,0.0,0
235,0.0,0.0,0
236,0.0,0.0,0
237,0.0,0.0,0
238,0.0,0.0,0
239,0.0,0.0,0
240,0.0,0.0,0
241,0.0,0.0,0
242,0.0,0.0,0
243,0.0,0.0,0
244,0.0,0.0,0
245,0.0,0.0,0
246,0.0,0.0,0
247,0.0,0.0,0
248,0.0,0.0,0
249,0.0,0.0,0
250,0.0,0.0,0
251,0.0,0.0,0
252,0.0,0.0,0
253,0.0,0.0,0
254,0.0,0.0,0
255,0.0,0.0,0
256,0.0,0.0,0
257,0.0,0.0,0
258,0.0,0.0,0
259,0.0,0.0,0
260,0.0,0.0,0
261,0.0,0.0,0
262,0.0,0.0,0
263,0.0,0.0,0
264,0.0,0.0,0
265,0.0,0.0,0
266,0.0,0.0,0
267,0.0,0.0,0
268,0.0,0.0,0
269,0.0,0.0,0
270,0.0,0.0,0
271,0.0,0.0,0
272,0.0,0.0,0
273,0.0,0.0,0
274,0.0,0.0,0
275,0.0,0.0,0
276,0.0,0.0,0
277,0.0,0.0,0
278,0.0,0.0,0
279,0.0,0.0,0
280,0.0,0.0,0
281,0.0,0.0,0
282,0.0,0.0,0
283,0.0,0.0,0
284,0.0,0.0,0
285,0.0,0.0,0
286,0.0,0.0,0
287,0.0,0.0,0
288,0.0,0.0,0
289,0.0,0.0,0
290,0.0,0.0,0
291,0.0,0.0,0
292,0.0,0.0,0
293,0.0,0.0,0
294,0.0,0.0,0
295,0.0,0.0,0
296,0.0,0.0,0
297,0.0,0.0,0
298,0.0,0.0,0
299,0.0,0.0,0
300,0.0,0.0,0
301,0.0,0.0,0
302,0.0,0.0,0
303,0.0,0.0,0
304,0.0,0.0,0
305,0.0,0.0,0
306,0.0,0.0,0
307,0.0,0.0,0
308,0.0,0.0,0
309,0.0,0.0,0
310,0.0,0.0,0
311,0.0,0.0,0
312,0.0,0.0,0
313,0.0,0.0,0
314,0.0,0.0,0
315,0.0,0.0,0
316,0.0,0.0,0
317,0.0,0.0,0
318,0.0,0.0,0
319,0.0,0.0,0
320,0.0,0.0,0
321,0.0,0.0,0
322,0.0,0.0,0
323,0.0,0.0,0
324,0.0,0.0,0
325,0.0,0.0,0
326,0.0,0.0,0
327,0.0,0.0,0
328,0.0,0.0,0
329,0.0,0.0,0
330,0.0,0.0,0
331,0.0,0.0,0
332,0.0,0.0,0
333,0.0,0.0,0
334,0.0,0.0,0
335,0.0,0.0,0
336,0.0,0.0,0
337,0.0,0.0,0
338,0.0,0.0,0
339,0.0,0.0,0
340,0.0,0.0,0
341,0.0,0.0,0
342,0.0,0.0,0
343,0.0,0.0,0
344,0.0,0.0,0
345,0.0,0.0,0
346,0.0,0.0,0
347,0.0,0.0,0
348,0.0,0.0,0
349,0.0,0.0,0
350,0.0,0.0,0
351,0.0,0.0,0
352,0.0,0.0,0
353,0.0,0.0,0
354,0.0,0.0,0
355,0.0,0.0,0
356,0.0,0.0,0
357,0.0,0.0,0
358,0.0,0.0,0
359,0.0,0.0,0
360,0.0,0.0,0
361,0.0,0.0,0
362,0.0,0.0,0
363,0.0,0.0,0
364,0.0,0.0,0
365,0.0,0.0,0
366,0.0,0.0,0
367,0.0,0.0,0
368,0.0,0.0,0
369,0.0,0.0,0
370,0.0,0.0,0
371,0.0,0.0,0
372,0.0,0.0,0
373,0.0,0.0,0
374,0.0,0.0,0
375,0.0,0.0,0
376,0.0,0.0,0
377,0.0,0.0,0
378,0.0,0.0,0
379,0.0,0.0,0
380,0.0,0.0,0
381,0.0,0.0,0
382,0.0,0.0,0
383,0.0,0.0,0
384,0.0,0.0,0
385,0.0,0.0,0
386,0.0,0.0,0
387,0.0,0.0,0
388,0.0,0.0,0
389,0.0,0.0,0
390,0.0,0.0,0
391,0.0,0.0,0
392,0.0,0.0,0
393,0.0,0.0,0
394,0.0,0.0,0
395,0.0,0.0,0
396,0.0,0.0,0
397,0.0,0.0,0
398,0.0,0.0,0
399,0.0,0.0,0
0,0.0,0.0,0
1,0.0,0.0,0
2,0.0,0.0,0
3,0.0,0.0,0
4,0.0,0.0,0
5,0.0,0.0,0
6,0.0,0.0,0
7,0.0,0.0,0
8,0.0,0.0,0
9,0.0,0.0,0
10,0.0,0.0,0
11,0.0,0.0,0
12,0.0,0.0,0
13,0.0,0.0,0
14,0.0,0.0,0
15,0.0,0.0,0
16,0.0,0.0,0
17,0.0,0.0,0
18,0.0,0.0,0
19,0.0,0.0,0
20,0.0,0.0,0
21,0.0,0.0,0
22,0.0,0.0,0
23,0.0,0.0,0
24,0.0,0.0,0
25,0.0,0.0,0
26,0.0,0.0,0
27,0.0,0.0,0
28,0.0,0.0,0
29,0.0,0.0,0
30,0.0,0.0,0
31,0.0,0.0,0
32,0.0,0.0,0
33,0.0,0.0,0
34,0.0,0.0,0
35,0.0,0.0,0
36,0.0,0.0,0
37,0.0,0.0,0
38,0.0,0.0,0
39,0.0,0.0,0
40,0.0,0.0,0
41,0.0,0.0,0
42,0.0,0.0,0
43,0.0,0.0,0
44,0.0,0.0,0
45,0.0,0.0,0
46,0.0,0.0,0
47,0.0,0.0,0
48,0.0,0.0,0
49,0.0,0.0,0
50,0.0,0.0,0
51,0.0,0.0,0
52,0.0,0.0,0
53,0.0,0.0,0
54,0.0,0.0,0
55,0.0,0.0,0
56,0.0,0.0,0
57,0.0,0.0,0
58,0.0,0.0,0
59,0.0,0.0,0
60,0.0,0.0,0
61,0.0,0.0,0
62,0.0,0.0,0
63,0.0,0.0,0
64,0.0,0.0,0
65,0.0,0.0,0
66,0.0,0.0,0
67,0.0,0.0,0
68,0.0,0.0,0
69,0.0,0.0,0
70,0.0,0.0,0
71,0.0,0.0,0
72,0.0,0.0,0
73,0.0,0.0,0
74,0.0,0.0,0
75,0.0,0.0,0
76,0.0,0.0,0
77,0.0,0.0,0
78,0.0,0.0,0
79,0.0,0.0,0
80,0.0,0.0,0
81,0.0,0.0,0
82,0.0,0.0,0
83,0.0,0.0,0
84,0.0,0.0,0
85,0.0,0.0,0
86,0.0,0.0,0
87,0.0,0.0,0
88,0.0,0.0,0
89,0.0,0.0,0
90,0.0,0.0,0
91,0.0,0.0,0
92,0.0,0.0,0
93,0.0,0.0,0
94,0.0,0.0,0
95,0.0,0.0,0
96,0.0,0.0,0
97,0.0,0.0,0
98,0.0,0.0,0
99,0.0,0.0,0
100,0.0,0.0,0
101,0.0,0.0,0
102,0.0,0.0,0
103,0.0,0.0,0
104,0.0,0.0,0
105,0.0,0.0,0
106,0.0,0.0,0
107,0.0,0.0,0
108,0.0,0.0,0
109,0.0,0.0,0
110,0.0,0.0,0
111,0.0,0.0,0
112,0.0,0.0,0
113,0.0,0.0,0
114,0.0,0.0,0
115,0.0,0.0,0
116,0.0,0.0,0
117,0.0,0.0,0
118,0.0,0.0,0
119,0.0,0.0,0
120,0.0,0.0,0
121,0.0,0.0,0
122,0.0,0.0,0
123,0.0,0.0,0
124,0.0,0.0,0
125,0.0,0.0,0
126,0.0,0.0,0
127,0.0,0.0,0
128,0.0,0.0,0
129,0.0,0.0,0
130,0.0,0.0,0
131,0.0,0.0,0
132,0.0,0.0,0
133,0.0,0.0,0
134,0.0,0.0,0
135,0.0,0.0,0
136,0.0,0.0,0
137,0.0,0.0,0
138,0.0,0.0,0
139,0.0,0.0,0
140,0.0,0.0,0
141,0.0,0.0,0
142,0.0,0.0,0
143,0.0,0.0,0
144,0.0,0.0,0
145,0.0,0.0,0
146,0.0,0.0,0
147,0.0,0.0,0
148,0.0,0.0,0
149,0.0,0.0,0
150,0.0,0.0,0
151,0.0,0.0,0
152,0.0,0.0,0
153,0.0,0.0,0
154,0.0,0.0,0
155,0.0,0.0,0
156,0.0,0.0,0
157,0.0,0.0,0
158,0.0,0.0,0
159,0.0,0.0,0
160,0.0,0.0,0
161,0.0,0.0,0
162,0.0,0.0,0
163,0.0,0.0,0
164,0.0,0.0,0
165,0.0,0.0,0
166,0.0,0.0,0
167,0.0,0.0,0
168,0.0,0.0,0
169,0.0,0.0,0
170,0.0,0.0,0
171,0.0,0.0,0
172,0.0,0.0,0
173,0.0,0.0,0
174,0.0,0.0,0
175,0.0,0.0,0
176,0.0,0.0,0
177,0.0,0.0,0
178,0.0,0.0,0
179,0.0,0.0,0
180,0.0,0.0,0
181,0.0,0.0,0
182,0.0,0.0,0
183,0.0,0.0,0
184,0.0,0.0,0
185,0.0,0.0,0
186,0.0,0.0,0
187,0.0,0.0,0
188,0.0,0.0,0
189,0.0,0.0,0
190,0.0,0.0,0
191,0.0,0.0,0
192,0.0,0.0,0
193,0.0,0.0,0
194,0.0,0.0,0
195,0.0,0.0,0
196,0.0,0.0,0
197,0.0,0.0,0
198,0.0,0.0,0
199,0.0,0.0,0
200,0.0,0.0,0
201,0.0,0.0,0
202,0.0,0.0,0
203,0.0,0.0,0
204,0.0,0.0,0
205,0.0,0.0,0
206,0.0,0.0,0
207,0.0,0.0,0
208,0.0,0.0,0
209,0.0,0.0,0
210,0.0,0.0,0
211,0.0,0.0,0
212,0.0,0.0,0
213,0.0,0.0,0
214,0.0,0.0,0
215,0.0,0.0,0
216,0.0,0.0,0
217,0.0,0.0,0
218,0.0,0.0,0
219,0.0,0.0,0
220,0.0,0.0,0
221,0.0,0.0,0
222,0.0,0.0,0
223,0.0,0.0,0
224,0.0,0.0,0
225,0.0,0.0,0
226,0.0,0.0,0
227,0.0,0.0,0
228,0.0,0.0,0
229,0.0,0.0,0
230,0.0,0.0,0
231,0.0,0.0,0
232,0.0,0.0,0
233,0.0,0.0,0
234,0.0,0.0,0
235,0.0,0.0,0
236,0.0,0.0,0
237,0.0,0.0,0
238,0.0,0.0,0
239,0.0,0.0,0
240,0.0,0.0,0
241,0.0,0.0,0
242,0.0,0.0,0
243,0.0,0.0,0
244,0.0,0.0,0
245,0.0,0.0,0
246,0.0,0.0,0
247,0.0,0.0,0
248,0.0,0.0,0
249,0.0,0.0,0
250,0.0,0.0,0
251,0.0,0.0,0
252,0.0,0.0,0
253,0.0,0.0,0
254,0.0,0.0,0
255,0.0,0.0,0
256,0.0,0.0,0
257,0.0,0.0,0
258,0.0,0.0,0
259,0.0,0.0,0
260,0.0,0.0,0
261,0.0,0.0,0
262,0.0,0.0,0
263,0.0,0.0,0
264,0.0,0.0,0
265,0.0,0.0,0
266,0.0,0.0,0
267,0.0,0.0,0
268,0.0,0.0,0
269,0.0,0.0,0
270,0.0,0.0,0
271,0.0,0.0,0
272,0.0,0.0,0
273,0.0,0.0,0
274,0.0,0.0,0
275,0.0,0.0,0
276,0.0,0.0,0
277,0.0,0.0,0
278,0.0,0.0,0
279,0.0,0.0,0
280,0.0,0.0,0
281,0.0,0.0,0
282,0.0,0.0,0
283,0.0,0.0,0
284,0.0,0.0,0
285,0.0,0.0,0
286,0.0,0.0,0
287,0.0,0.0,0
288,0.0,0.0,0
289,0.0,0.0,0
290,0.0,0.0,0
291,0.0,0.0,0
292,0.0,0.0,0
293,0.0,0.0,0
294,0.0,0.0,0
295,0.0,0.0,0
296,0.0,0.0,0
297,0.0,0.0,0
298,0.0,0.0,0
299,0.0,0.0,0
300,0.0,0.0,0
301,0.0,0.0,0
302,0.0,0.0,0
303,0.0,0.0,0
304,0.0,0.0,0
305,0.0,0.0,0
306,0.0,0.0,0
307,0.0,0.0,0
308,0.0,0.0,0
309,0.0,0.0,0
310,0.0,0.0,0
311,0.0,0.0,0
312,0.0,0.0,0
313,0.0,0.0,0
314,0.0,0.0,0
315,0.0,0.0,0
316,0.0,0.0,0
317,0.0,0.0,0
318,0.0,0.0,0
319,0.0,0.0,0
320,0.0,0.0,0
321,0.0,0.0,0
322,0.0,0.0,0
323,0.0,0.0,0
324,0.0,0.0,0
325,0.0,0.0,0
326,0.0,0.0,0
327,0.0,0.0,0
328,0.0,0.0,0
329,0.0,0.0,0
330,0.0,0.0,0
331,0.0,0.0,0
332,0.0,0.0,0
333,0.0,0.0,0
334,0.0,0.0,0
335,0.0,0.0,0
336,0.0,0.0,0
337,0.0,0.0,0
338,0.0,0.0,0
339,0.0,0.0,0
340,0.0,0.0,0
341,0.0,0.0,0
342,0.0,0.0,0
343,0.0,0.0,0
344,0.0,0.0,0
345,0.0,0.0,0
346,0.0,0.0,0
347,0.0,0.0,0
348,0.0,0.0,0
349,0.0,0.0,0
350,0.0,0.0,0
351,0.0,0.0,0
352,0.0,0.0,0
353,0.0,0.0,0
354,0.0,0.0,0
355,0.0,0.0,0
356,0.0,0.0,0
357,0.0,0.0,0
358,0.0,0.0,0
359,0.0,0.0,0
360,0.0,0.0,0
361,0.0,0.0,0
362,0.0,0.0,0
363,0.0,0.0,0
364,0.0,0.0,0
365,0.0,0.0,0
366,0.0,0.0,0
367,0.0,0.0,0
368,0.0,0.0,0
369,0.0,0.0,0
370,0.0,0.0,0
371,0.0,0.0,0
372,0.0,0.0,0
373,0.0,0.0,0
374,0.0,0.0,0
375,0.0,0.0,0
376,0.0,0.0,0
377,0.0,0.0,0
378,0.0,0.0,0
379,0.0,0.0,0
380,0.0,0.0,0
381,0.0,0.0,0
382,0.0,0.0,0
383,0.0,0.0,0
384,0.0,0.0,0
385,0.0,0.0,0
386,0.0,0.0,0
387,0.0,0.0,0
388,0.0,0.0,0
389,0.0,0.0,0
390,0.0,0.0,0
391,0.0,0.0,0
392,0.0,0.0,0
393,0.0,0.0,0
394,0.0,0.0,0
395,0.0,0.0,0
396,0.0,0.0,0
397,0.0,0.0,0
398,0.0,0.0,0
399,0.0,0.0,0
0,0.0,0.0,0
1,0.0,0.0,0
2,0.0,0.0,0
3,0.0,0.0,0
4,0.0,0.0,0
5,0.0,0.0,0
6,0.0,0.0,0
7,0.0,0.0,0
8,0.0,0.0,0
9,0.0,0.0,0
10,0.0,0.0,0
11,0.0,0.0,0
12,0.0,0.0,0
13,0.0,0.0,0
14,0.0,0.0,0
15,0.0,0.0,0
16,0.0,0.0,0
17,0.0,0.0,0
18,0.0,0.0,0
19,0.0,0.0,0
20,0.0,0.0,0
21,0.0,0.0,0
22,0.0,0.0,0
23,0.0,0.0,0
24,0.0,0.0,0
25,0.0,0.0,0
26,0.0,0.0,0
27,0.0,0.0,0
28,0.0,0.0,0
29,0.0,0.0,0
30,0.0,0.0,0
31,0.0,0.0,0
32,0.0,0.0,0
33,0.0,0.0,0
34,0.0,0.0,0
35,0.0,0.0,0
36,0.0,0.0,0
37,0.0,0.0,0
38,0.0,0.0,0
39,0.0,0.0,0
40,0.0,0.0,0
41,0.0,0.0,0
42,0.0,0.0,0
43,0.0,0.0,0
44,0.0,0.0,0
45,0.0,0.0,0
46,0.0,0.0,0
47,0.0,0.0,0
48,0.0,0.0,0
49,0.0,0.0,0
50,0.0,0.0,0
51,0.0,0.0,0
52,0.0,0.0,0
53,0.0,0.0,0
54,0.0,0.0,0
55,0.0,0.0,0
56,0.0,0.0,0
57,0.0,0.0,0
58,0.0,0.0,0
59,0.0,0.0,0
60,0.0,0.0,0
61,0.0,0.0,0
62,0.0,0.0,0
63,0.0,0.0,0
64,0.0,0.0,0
65,0.0,0.0,0
66,0.0,0.0,0
67,0.0,0.0,0
68,0.0,0.0,0
69,0.0,0.0,0
70,0.0,0.0,0
71,0.0,0.0,0
72,0.0,0.0,0
73,0.0,0.0,0
74,0.0,0.0,0
75,0.0,0.0,0
76,0.0,0.0,0
77,0.0,0.0,0
78,0.0,0.0,0
79,0.0,0.0,0
80,0.0,0.0,0
81,0.0,0.0,0
82,0.0,0.0,0
83,0.0,0.0,0
84,0.0,0.0,0
85,0.0,0.0,0
86,0.0,0.0,0
87,0.0,0.0,0
88,0.0,0.0,0
89,0.0,0.0,0
90,0.0,0.0,0
91,0.0,0.0,0
92,0.0,0.0,0
93,0.0,0.0,0
94,0.0,0.0,0
95,0.0,0.0,0
96,0.0,0.0,0
97,0.0,0.0,0
98,0.0,0.0,0
99,0.0,0.0,0
100,0.0,0.0,0
101,0.0,0.0,0
102,0.0,0.0,0
103,0.0,0.0,0
104,0.0,0.0,0
105,0.0,0.0,0
106,0.0,0.0,0
107,0.0,0.0,0
108,0.0,0.0,0
109,0.0,0.0,0
110,0.0,0.0,0
111,0.0,0.0,0
112,0.0,0.0,0
113,0.0,0.0,0
114,0.0,0.0,0
115,0.0,0.0,0
116,0.0,0.0,0
117,0.0,0.0,0
118,0.0,0.0,0
119,0.0,0.0,0
120,0.0,0.0,0
121,0.0,0.0,0
122,0.0,0.0,0
123,0.0,0.0,0
124,0.0,0.0,0
125,0.0,0.0,0
126,0.0,0.0,0
127,0.0,0.0,0
128,0.0,0.0,0
129,0.0,0.0,0
130,0.0,0.0,0
131,0.0,0.0,0
132,0.0,0.0,0
133,0.0,0.0,0
134,0.0,0.0,0
135,0.0,0.0,0
136,0.0,0.0,0
137,0.0,0.0,0
138,0.0,0.0,0
139,0.0,0.0,0
140,0.0,0.0,0
141,0.0,0.0,0
142,0.0,0.0,0
143,0.0,0.0,0
144,0.0,0.0,0
145,0.0,0.0,0
146,0.0,0.0,0
147,0.0,0.0,0
148,0.0,0.0,0
149,0.0,0.0,0
150,0.0,0.0,0
151,0.0,0.0,0
152,0.0,0.0,0
153,0.0,0.0,0
154,0.0,0.0,0
155,0.0,0.0,0
156,0.0,0.0,0
157,0.0,0.0,0
158,0.0,0.0,0
159,0.0,0.0,0
160,0.0,0.0,0
161,0.0,0.0,0
162,0.0,0.0,0
163,0.0,0.0,0
164,0.0,0.0,0
165,0.0,0.0,0
166,0.0,0.0,0
167,0.0,0.0,0
168,0.0,0.0,0
169,0.0,0.0,0
170,0.0,0.0,0
171,0.0,0.0,0
172,0.0,0.0,0
173,0.0,0.0,0
174,0.0,0.0,0
175,0.0,0.0,0
176,0.0,0.0,0
177,0.0,0.0,0
178,0.0,0.0,0
179,0.0,0.0,0
180,0.0,0.0,0
181,0.0,0.0,0
182,0.0,0.0,0
183,0.0,0.0,0
184,0.0,0.0,0
185,0.0,0.0,0
186,0.0,0.0,0
187,0.0,0.0,0
188,0.0,0.0,0
189,0.0,0.0,0
190,0.0,0.0,0
191,0.0,0.0,0
192,0.0,0.0,0
193,0.0,0.0,0
194,0.0,0.0,0
195,0.0,0.0,0
196,0.0,0.0,0
197,0.0,0.0,0
198,0.0,0.0,0
199,0.0,0.0,0
200,0.0,0.0,0
201,0.0,0.0,0
202,0.0,0.0,0
203,0.0,0.0,0
204,0.0,0.0,0
205,0.0,0.0,0
206,0.0,0.0,0
207,0.0,0.0,0
208,0.0,0.0,0
209,0.0,0.0,0
210,0.0,0.0,0
211,0.0,0.0,0
212,0.0,0.0,0
213,0.0,0.0,0
214,0.0,0.0,0
215,0.0,0.0,0
216,0.0,0.0,0
217,0.0,0.0,0
218,0.0,0.0,0
219,0.0,0.0,0
220,0.0,0.0,0
221,0.0,0.0,0
222,0.0,0.0,0
223,0.0,0.0,0
224,0.0,0.0,0
225,0.0,0.0,0
226,0.0,0.0,0
227,0.0,0.0,0
228,0.0,0.0,0
229,0.0,0.0,0
230,0.0,0.0,0
231,0.0,0.0,0
232,0.0,0.0,0
233,0.0,0.0,0
234,0.0,0.0,0
235,0.0,0.0,0
236,0.0,0.0,0
237,0.0,0.0,0
238,0.0,0.0,0
239,0.0,0.0,0
240,0.0,0.0,0
241,0.0,0.0,0
242,0.0,0.0,0
243,0.0,0.0,0
244,0.0,0.0,0
245,0.0,0.0,0
246,0.0,0.0,0
247,0.0,0.0,0
248,0.0,0.0,0
249,0.0,0.0,0
250,0.0,0.0,0
251,0.0,0.0,0
252,0.0,0.0,0
253,0.0,0.0,0
254,0.0,0.0,0
255,0.0,0.0,0
256,0.0,0.0,0
257,0.0,0.0,0
258,0.0,0.0,0
259,0.0,0.0,0
260,0.0,0.0,0
261,0.0,0.0,0
262,0.0,0.0,0
263,0.0,0.0,0
264,0.0,0.0,0
265,0.0,0.0,0
266,0.0,0.0,0
267,0.0,0.0,0
268,0.0,0.0,0
269,0.0,0.0,0
270,0.0,0.0,0
271,0.0,0.0,0
272,0.0,0.0,0
273,0.0,0.0,0
274,0.0,0.0,0
275,0.0,0.0,0
276,0.0,0.0,0
277,0.0,0.0,0
278,0.0,0.0,0
279,0.0,0.0,0
280,0.0,0.0,0
281,0.0,0.0,0
282,0.0,0.0,0
283,0.0,0.0,0
284,0.0,0.0,0
285,0.0,0.0,0
286,0.0,0.0,0
287,0.0,0.0,0
288,0.0,0.0,0
289,0.0,0.0,0
290,0.0,0.0,0
291,0.0,0.0,0
292,0.0,0.0,0
293,0.0,0.0,0
294,0.0,0.0,0
295,0.0,0.0,0
296,0.0,0.0,0
297,0.0,0.0,0
298,0.0,0.0,0
299,0.0,0.0,0
300,0.0,0.0,0
301,0.0,0.0,0
302,0.0,0.0,0
303,0.0,0.0,0
304,0.0,0.0,0
305,0.0,0.0,0
306,0.0,0.0,0
307,0.0,0.0,0
308,0.0,0.0,0
309,0.0,0.0,0
310,0.0,0.0,0
311,0.0,0.0,0
312,0.0,0.0,0
313,0.0,0.0,0
314,0.0,0.0,0
315,0.0,0.0,0
316,0.0,0.0,0
317,0.0,0.0,0
318,0.0,0.0,0
319,0.0,0.0,0
320,0.0,0.0,0
321,0.0,0.0,0
322,0.0,0.0,0
323,0.0,0.0,0
324,0.0,0.0,0
325,0.0,0.0,0
326,0.0,0.0,0
327,0.0,0.0,0
328,0.0,0.0,0
329,0.0,0.0,0
330,0.0,0.0,0
331,0.0,0.0,0
332,0.0,0.0,0
333,0.0,0.0,0
334,0.0,0.0,0
335,0.0,0.0,0
336,0.0,0.0,0
337,0.0,0.0,0
338,0.0,0.0,0
339,0.0,0.0,0
340,0.0,0.0,0
341,0.0,0.0,0
342,0.0,0.0,0
343,0.0,0.0,0
344,0.0,0.0,0
345,0.0,0.0,0
346,0.0,0.0,0
347,0.0,0.0,0
348,0.0,0.0,0
349,0.0,0.0,0
350,0.0,0.0,0
351,0.0,0.0,0
352,0.0,0.0,0
353,0.0,0.0,0
354,0.0,0.0,0
355,0.0,0.0,0
356,0.0,0.0,0
357,0.0,0.0,0
358,0.0,0.0,0
359,0.0,0.0,0
360,0.0,0.0,0
361,0.0,0.0,0
362,0.0,0.0,0
363,0.0,0.0,0
364,0.0,0.0,0
365,0.0,0.0,0
366,0.0,0.0,0
367,0.0,0.0,0
368,0.0,0.0,0
369,0.0,0.0,0
370,0.0,0.0,0
371,0.0,0.0,0
372,0.0,0.0,0
373,0.0,0.0,0
374,0.0,0.0,0
375,0.0,0.0,0
376,0.0,0.0,0
377,0.0,0.0,0
378,0.0,0.0,0
379,0.0,0.0,0
380,0.0,0.0,0
381,0.0,0.0,0
382,0.0,0.0,0
383,0.0,0.0,0
384,0.0,0.0,0
385,0.0,0.0,0
386,0.0,0.0,0
387,0.0,0.0,0
388,0.0,0.0,0
389,0.0,0.0,0
390,0.0,0.0,0
391,0.0,0.0,0
392,0.0,0.0,0
393,0.0,0.0,0
394,0.0,0.0,0
395,0.0,0.0,0
396,0.0,0.0,0
397,0.0,0.0,0
398,0.0,0.0,0
399,0.0,0.0,0
0,0.0,0.0,0
1,0.0,0.0,0
2,0.0,0.0,0
3,0.0,0.0,0
4,0.0,0.0,0
5,0.0,0.0,0
6,0.0,0.0,0
7,0.0,0.0,0
8,0.0,0.0,0
9,0.0,0.0,0
10,0.0,0.0,0
11,0.0,0.0,0
12,0.0,0.0,0
13,0.0,0.0,0
14,0.0,0.0,0
15,0.0,0.0,0
16,0.0,0.0,0
17,0.0,0.0,0
18,0.0,0.0,0
19,0.0,0.0,0
20,0.0,0.0,0
21,0.0,0.0,0
22,0.0,0.0,0
23,0.0,0.0,0
24,0.0,0.0,0
25,0.0,0.0,0
26,0.0,0.0,0
27,0.0,0.0,0
28,0.0,0.0,0
29,0.0,0.0,0
30,0.0,0.0,0
31,0.0,0.0,0
32,0.0,0.0,0
33,0.0,0.0,0
34,0.0,0.0,0
35,0.0,0.0,0
36,0.0,0.0,0
37,0.0,0.0,0
38,0.0,0.0,0
39,0.0,0.0,0
40,0.0,0.0,0
41,0.0,0.0,0
42,0.0,0.0,0
43,0.0,0.0,0
44,0.0,0.0,0
45,0.0,0.0,0
46,0.0,0.0,0
47,0.0,0.0,0
48,0.0,0.0,0
49,0.0,0.0,0
50,0.0,0.0,0
51,0.0,0.0,0
52,0.0,0.0,0
53,0.0,0.0,0
54,0.0,0.0,0
55,0.0,0.0,0
56,0.0,0.0,0
57,0.0,0.0,0
58,0.0,0.0,0
59,0.0,0.0,0
60,0.0,0.0,0
61,0.0,0.0,0
62,0.0,0.0,0
63,0.0,0.0,0
64,0.0,0.0,0
65,0.0,0.0,0
66,0.0,0.0,0
67,0.0,0.0,0
68,0.0,0.0,0
69,0.0,0.0,0
70,0.0,0.0,0
71,0.0,0.0,0
72,0.0,0.0,0
73,0.0,0.0,0
74,0.0,0.0,0
75,0.0,0.0,0
76,0.0,0.0,0
77,0.0,0.0,0
78,0.0,0.0,0
79,0.0,0.0,0
80,0.0,0.0,0
81,0.0,0.0,0
82,0.0,0.0,0
83,0.0,0.0,0
84,0.0,0.0,0
85,0.0,0.0,0
86,0.0,0.0,0
87,0.0,0.0,0
88,0.0,0.0,0
89,0.0,0.0,0
90,0.0,0.0,0
91,0.0,0.0,0
92,0.0,0.0,0
93,0.0,0.0,0
94,0.0,0.0,0
95,0.0,0.0,0
96,0.0,0.0,0
97,0.0,0.0,0
98,0.0,0.0,0
99,0.0,0.0,0
100,0.0,0.0,0
101,0.0,0.0,0
102,0.0,0.0,0
103,0.0,0.0,0
104,0.0,0.0,0
105,0.0,0.0,0
106,0.0,0.0,0
107,0.0,0.0,0
108,0.0,0.0,0
109,0.0,0.0,0
110,0.0,0.0,0
111,0.0,0.0,0
112,0.0,0.0,0
113,0.0,0.0,0
114,0.0,0.0,0
115,0.0,0.0,0
116,0.0,0.0,0
117,0.0,0.0,0
118,0.0,0.0,0
119,0.0,0.0,0
120,0.0,0.0,0
121,0.0,0.0,0
122,0.0,0.0,0
123,0.0,0.0,0
124,0.0,0.0,0
125,0.0,0.0,0
126,0.0,0.0,0
127,0.0,0.0,0
128,0.0,0.0,0
129,0.0,0.0,0
130,0.0,0.0,0
131,0.0,0.0,0
132,0.0,0.0,0
133,0.0,0.0,0
134,0.0,0.0,0
135,0.0,0.0,0
136,0.0,0.0,0
137,0.0,0.0,0
138,0.0,0.0,0
139,0.0,0.0,0
140,0.0,0.0,0
141,0.0,0.0,0
142,0.0,0.0,0
143,0.0,0.0,0
144,0.0,0.0,0
145,0.0,0.0,0
146,0.0,0.0,0
147,0.0,0.0,0
148,0.0,0.0,0
149,0.0,0.0,0
150,0.0,0.0,0
151,0.0,0.0,0
152,0.0,0.0,0
153,0.0,0.0,0
154,0.0,0.0,0
155,0.0,0.0,0
156,0.0,0.0,0
157,0.0,0.0,0
158,0.0,0.0,0
159,0.0,0.0,0
160,0.0,0.0,0
161,0.0,0.0,0
162,0.0,0.0,0
163,0.0,0.0,0
164,0.0,0.0,0
165,0.0,0.0,0
166,0.0,0.0,0
167,0.0,0.0,0
168,0.0,0.0,0
169,0.0,0.0,0
170,0.0,0.0,0
171,0.0,0.0,0
172,0.0,0.0,0
173,0.0,0.0,0
174,0.0,0.0,0
175,0.0,0.0,0
176,0.0,0.0,0
177,0.0,0.0,0
178,0.0,0.0,0
179,0.0,0.0,0
180,0.0,0.0,0
181,0.0,0.0,0
182,0.0,0.0,0
183,0.0,0.0,0
184,0.0,0.0,0
185,0.0,0.0,0
186,0.0,0.0,0
187,0.0,0.0,0
188,0.0,0.0,0
189,0.0,0.0,0
190,0.0,0.0,0
191,0.0,0.0,0
192,0.0,0.0,0
193,0.0,0.0,0
194,0.0,0.0,0
195,0.0,0.0,0
196,0.0,0.0,0
197,0.0,0.0,0
198,0.0,0.0,0
199,0.0,0.0,0
200,0.0,0.0,0
201,0.0,0.0,0
202,0.0,0.0,0
203,0.0,0.0,0
204,0.0,0.0,0
205,0.0,0.0,0
206,0.0,0.0,0
207,0.0,0.0,0
208,0.0,0.0,0
209,0.0,0.0,0
210,0.0,0.0,0
211,0.0,0.0,0
212,0.0,0.0,0
213,0.0,0.0,0
214,0.0,0.0,0
215,0.0,0.0,0
216,0.0,0.0,0
217,0.0,0.0,0
218,0.0,0.0,0
219,0.0,0.0,0
220,0.0,0.0,0
221,0.0,0.0,0
222,0.0,0.0,0
223,0.0,0.0,0
224,0.0,0.0,0
225,0.0,0.0,0
226,0.0,0.0,0
227,0.0,0.0,0
228,0.0,0.0,0
229,0.0,0.0,0
230,0.0,0.0,0
231,0.0,0.0,0
232,0.0,0.0,0
233,0.0,0.0,0
234,0.0,0.0,0
235,0.0,0.0,0
236,0.0,0.0,0
237,0.0,0.0,0
238,0.0,0.0,0
239,0.0,0.0,0
240,0.0,0.0,0
241,0.0,0.0,0
242,0.0,0.0,0
243,0.0,0.0,0
244,0.0,0.0,0
245,0.0,0.0,0
246,0.0,0.0,0
247,0.0,0.0,0
248,0.0,0.0,0
249,0.0,0.0,0
250,0.0,0.0,0
251,0.0,0.0,0
252,0.0,0.0,0
253,0.0,0.0,0
254,0.0,0.0,0
255,0.0,0.0,0
256,0.0,0.0,0
257,0.0,0.0,0
258,0.0,0.0,0
259,0.0,0.0,0
260,0.0,0.0,0
261,0.0,0.0,0
262,0.0,0.0,0
263,0.0,0.0,0
264,0.0,0.0,0
265,0.0,0.0,0
266,0.0,0.0,0
267,0.0,0.0,0
268,0.0,0.0,0
269,0.0,0.0,0
270,0.0,0.0,0
271,0.0,0.0,0
272,0.0,0.0,0
273,0.0,0.0,0
274,0.0,0.0,0
275,0.0,0.0,0
276,0.0,0.0,0
277,0.0,0.0,0
278,0.0,0.0,0
279,0.0,0.0,0
280,0.0,0.0,0
281,0.0,0.0,0
282,0.0,0.0,0
283,0.0,0.0,0
284,0.0,0.0,0
285,0.0,0.0,0
286,0.0,0.0,0
287,0.0,0.0,0
288,0.0,0.0,0
289,0.0,0.0,0
290,0.0,0.0,0
291,0.0,0.0,0
292,0.0,0.0,0
293,0.0,0.0,0
294,0.0,0.0,0
295,0.0,0.0,0
296,0.0,0.0,0
297,0.0,0.0,0
298,0.0,0.0,0
299,0.0,0.0,0
300,0.0,0.0,0
301,0.0,0.0,0
302,0.0,0.0,0
303,0.0,0.0,0
304,0.0,0.0,0
305,0.0,0.0,0
306,0.0,0.0,0
307,0.0,0.0,0
308,0.0,0.0,0
309,0.0,0.0,0
310,0.0,0.0,0
311,0.0,0.0,0
312,0.0,0.0,0
313,0.0,0.0,0
314,0.0,0.0,0
315,0.0,0.0,0
316,0.0,0.0,0
317,0.0,0.0,0
318,0.0,0.0,0
319,0.0,0.0,0
320,0.0,0.0,0
321,0.0,0.0,0
322,0.0,0.0,0
323,0.0,0.0,0
324,0.0,0.0,0
325,0.0,0.0,0
326,0.0,0.0,0
327,0.0,0.0,0
328,0.0,0.0,0
329,0.0,0.0,0
330,0.0,0.0,0
331,0.0,0.0,0
332,0.0,0.0,0
333,0.0,0.0,0
334,0.0,0.0,0
335,0.0,0.0,0
336,0.0,0.0,0
337,0.0,0.0,0
338,0.0,0.0,0
339,0.0,0.0,0
340,0.0,0.0,0
341,0.0,0.0,0
342,0.0,0.0,0
343,0.0,0.0,0
344,0.0,0.0,0
345,0.0,0.0,0
346,0.0,0.0,0
347,0.0,0.0,0
348,0.0,0.0,0
349,0.0,0.0,0
350,0.0,0.0,0
351,0.0,0.0,0
352,0.0,0.0,0
353,0.0,0.0,0
354,0.0,0.0,0
355,0.0,0.0,0
356,0.0,0.0,0
357,0.0,0.0,0
358,0.0,0.0,0
359,0.0,0.0,0
360,0.0,0.0,0
361,0.0,0.0,0
362,0.0,0.0,0
363,0.0,0.0,0
364,0.0,0.0,0
365,0.0,0.0,0
366,0.0,0.0,0
367,0.0,0.0,0
368,0.0,0.0,0
369,0.0,0.0,0
370,0.0,0.0,0
371,0.0,0.0,0
372,0.0,0.0,0
373,0.0,0.0,0
374,0.0,0.0,0
375,0.0,0.0,0
376,0.0,0.0,0
377,0.0,0.0,0
378,0.0,0.0,0
379,0.0,0.0,0
380,0.0,0.0,0
381,0.0,0.0,0
382,0.0,0.0,0
383,0.0,0.0,0
384,0.0,0.0,0
385,0.0,0.0,0
386,0.0,0.0,0
387,0.0,0.0,0
388,0.0,0.0,0
389,0.0,0.0,0
390,0.0,0.0,0
391,0.0,0.0,0
392,0.0,0.0,0
393,0.0,0.0,0
394,0.0,0.0,0
395,0.0,0.0,0
396,0.0,0.0,0
397,0.0,0.0,0
398,0.0,0.0,0
399,0.0,0.0,0
0,0.0,0.0,0
1,0.0,0.0,0
2,0.0,0.0,0
3,0.0,0.0,0
4,0.0,0.0,0
5,0.0,0.0,0
6,0.0,0.0,0
7,0.0,0.0,0
8,0.0,0.0,0
9,0.0,0.0,0
10,0.0,0.0,0
11,0.0,0.0,0
12,0.0,0.0,0
13,0.0,0.0,0
14,0.0,0.0,0
15,0.0,0.0,0
16,0.0,0.0,0
17,0.0,0.0,0
18,0.0,0.0,0
19,0.0,0.0,0
20,0.0,0.0,0
21,0.0,0.0,0
22,0.0,0.0,0
23,0.0,0.0,0
24,0.0,0.0,0
25,0.0,0.0,0
26,0.0,0.0,0
27,0.0,0.0,0
28,0.0,0.0,0
29,0.0,0.0,0
30,0.0,0.0,0
31,0.0,0.0,0
32,0.0,0.0,0
33,0.0,0.0,0
34,0.0,0.0,0
35,0.0,0.0,0
36,0.0,0.0,0
37,0.0,0.0,0
38,0.0,0.0,0
39,0.0,0.0,0
40,0.0,0.0,0
41,0.0,0.0,0
42,0.0,0.0,0
43,0.0,0.0,0
44,0.0,0.0,0
45,0.0,0.0,0
46,0.0,0.0,0
47,0.0,0.0,0
48,0.0,0.0,0
49,0.0,0.0,0
50,0.0,0.0,0
51,0.0,0.0,0
52,0.0,0.0,0
53,0.0,0.0,0
54,0.0,0.0,0
55,0.0,0.0,0
56,0.0,0.0,0
57,0.0,0.0,0
58,0.0,0.0,0
59,0.0,0.0,0
60,0.0,0.0,0
61,0.0,0.0,0
62,0.0,0.0,0
63,0.0,0.0,0
64,0.0,0.0,0
65,0.0,0.0,0
66,0.0,0.0,0
67,0.0,0.0,0
68,0.0,0.0,0
69,0.0,0.0,0
70,0.0,0.0,0
71,0.0,0.0,0
72,0.0,0.0,0
73,0.0,0.0,0
74,0.0,0.0,0
75,0.0,0.0,0
76,0.0,0.0,0
77,0.0,0.0,0
78,0.0,0.0,0
79,0.0,0.0,0
80,0.0,0.0,0
81,0.0,0.0,0
82,0.0,0.0,0
83,0.0,0.0,0
84,0.0,0.0,0
85,0.0,0.0,0
86,0.0,0.0,0
87,0.0,0.0,0
88,0.0,0.0,0
89,0.0,0.0,0
90,0.0,0.0,0
91,0.0,0.0,0
92,0.0,0.0,0
93,0.0,0.0,0
94,0.0,0.0,0
95,0.0,0.0,0
96,0.0,0.0,0
97,0.0,0.0,0
98,0.0,0.0,0
99,0.0,0.0,0
100,0.0,0.0,0
101,0.0,0.0,0
102,0.0,0.0,0
103,0.0,0.0,0
104,0.0,0.0,0
105,0.0,0.0,0
106,0.0,0.0,0
107,0.0,0.0,0
108,0.0,0.0,0
109,0.0,0.0,0
110,0.0,0.0,0
111,0.0,0.0,0
112,0.0,0.0,0
113,0.0,0.0,0
114,0.0,0.0,0
115,0.0,0.0,0
116,0.0,0.0,0
117,0.0,0.0,0
118,0.0,0.0,0
119,0.0,0.0,0
120,0.0,0.0,0
121,0.0,0.0,0
122,0.0,0.0,0
123,0.0,0.0,0
124,0.0,0.0,0
125,0.0,0.0,0
126,0.0,0.0,0
127,0.0,0.0,0
128,0.0,0.0,0
129,0.0,0.0,0
130,0.0,0.0,0
131,0.0,0.0,0
132,0.0,0.0,0
133,0.0,0.0,0
134,0.0,0.0,0
135,0.0,0.0,0
136,0.0,0.0,0
137,0.0,0.0,0
138,0.0,0.0,0
139,0.0,0.0,0
140,0.0,0.0,0
141,0.0,0.0,0
142,0.0,0.0,0
143,0.0,0.0,0
144,0.0,0.0,0
145,0.0,0.0,0
146,0.0,0.0,0
147,0.0,0.0,0
148,0.0,0.0,0
149,0.0,0.0,0
150,0.0,0.0,0
151,0.0,0.0,0
152,0.0,0.0,0
153,0.0,0.0,0
154,0.0,0.0,0
155,0.0,0.0,0
156,0.0,0.0,0
157,0.0,0.0,0
158,0.0,0.0,0
159,0.0,0.0,0
160,0.0,0.0,0
161,0.0,0.0,0
162,0.0,0.0,0
163,0.0,0.0,0
164,0.0,0.0,0
165,0.0,0.0,0
166,0.0,0.0,0
167,0.0,0.0,0
168,0.0,0.0,0
169,0.0,0.0,0
170,0.0,0.0,0
171,0.0,0.0,0
172,0.0,0.0,0
173,0.0,0.0,0
174,0.0,0.0,0
175,0.0,0.0,0
176,0.0,0.0,0
177,0.0,0.0,0
178,0.0,0.0,0
179,0.0,0.0,0
180,0.0,0.0,0
181,0.0,0.0,0
182,0.0,0.0,0
183,0.0,0.0,0
184,0.0,0.0,0
185,0.0,0.0,0
186,0.0,0.0,0
187,0.0,0.0,0
188,0.0,0.0,0
189,0.0,0.0,0
190,0.0,0.0,0
191,0.0,0.0,0
192,0.0,0.0,0
193,0.0,0.0,0
194,0.0,0.0,0
195,0.0,0.0,0
196,0.0,0.0,0
197,0.0,0.0,0
198,0.0,0.0,0
199,0.0,0.0,0
200,0.0,0.0,0
201,0.0,0.0,0
202,0.0,0.0,0
203,0.0,0.0,0
204,0.0,0.0,0
205,0.0,0.0,0
206,0.0,0.0,0
207,0.0,0.0,0
208,0.0,0.0,0
209,0.0,0.0,0
210,0.0,0.0,0
211,0.0,0.0,0
212,0.0,0.0,0
213,0.0,0.0,0
214,0.0,0.0,0
215,0.0,0.0,0
216,0.0,0.0,0
217,0.0,0.0,0
218,0.0,0.0,0
219,0.0,0.0,0
220,0.0,0.0,0
221,0.0,0.0,0
222,0.0,0.0,0
223,0.0,0.0,0
224,0.0,0.0,0
225,0.0,0.0,0
226,0.0,0.0,0
227,0.0,0.0,0
228,0.0,0.0,0
229,0.0,0.0,0
230,0.0,0.0,0
231,0.0,0.0,0
232,0.0,0.0,0
233,0.0,0.0,0
234,0.0,0.0,0
235,0.0,0.0,0
236,0.0,0.0,0
237,0.0,0.0,0
238,0.0,0.0,0
239,0.0,0.0,0
240,0.0,0.0,0
241,0.0,0.0,0
242,0.0,0.0,0
243,0.0,0.0,0
244,0.0,0.0,0
245,0.0,0.0,0
246,0.0,0.0,0
247,0.0,0.0,0
248,0.0,0.0,0
249,0.0,0.0,0
250,0.0,0.0,0
251,0.0,0.0,0
252,0.0,0.0,0
253,0.0,0.0,0
254,0.0,0.0,0
255,0.0,0.0,0
256,0.0,0.0,0
257,0.0,0.0,0
258,0.0,0.0,0
259,0.0,0.0,0
260,0.0,0.0,0
261,0.0,0.0,0
262,0.0,0.0,0
263,0.0,0.0,0
264,0.0,0.0,0
265,0.0,0.0,0
266,0.0,0.0,0
267,0.0,0.0,0
268,0.0,0.0,0
269,0.0,0.0,0
270,0.0,0.0,0
271,0.0,0.0,0
272,0.0,0.0,0
273,0.0,0.0,0
274,0.0,0.0,0
275,0.0,0.0,0
276,0.0,0.0,0
277,0.0,0.0,0
278,0.0,0.0,0
279,0.0,0.0,0
280,0.0,0.0,0
281,0.0,0.0,0
282,0.0,0.0,0
283,0.0,0.0,0
284,0.0,0.0,0
285,0.0,0.0,0
286,0.0,0.0,0
287,0.0,0.0,0
288,0.0,0.0,0
289,0.0,0.0,0
290,0.0,0.0,0
291,0.0,0.0,0
292,0.0,0.0,0
293,0.0,0.0,0
294,0.0,0.0,0
295,0.0,0.0,0
296,0.0,0.0,0
297,0.0,0.0,0
298,0.0,0.0,0
299,0.0,0.0,0
300,0.0,0.0,0
301,0.0,0.0,0
302,0.0,0.0,0
303,0.0,0.0,0
304,0.0,0.0,0
305,0.0,0.0,0
306,0.0,0.0,0
307,0.0,0.0,0
308,0.0,0.0,0
309,0.0,0.0,0
310,0.0,0.0,0
311,0.0,0.0,0
312,0.0,0.0,0
313,0.0,0.0,0
314,0.0,0.0,0
315,0.0,0.0,0
316,0.0,0.0,0
317,0.0,0.0,0
318,0.0,0.0,0
319,0.0,0.0,0
320,0.0,0.0,0
321,0.0,0.0,0
322,0.0,0.0,0
323,0.0,0.0,0
324,0.0,0.0,0
325,0.0,0.0,0
326,0.0,0.0,0
327,0.0,0.0,0
328,0.0,0.0,0
329,0.0,0.0,0
330,0.0,0.0,0
331,0.0,0.0,0
332,0.0,0.0,0
333,0.0,0.0,0
334,0.0,0.0,0
335,0.0,0.0,0
336,0.0,0.0,0
337,0.0,0.0,0
338,0.0,0.0,0
339,0.0,0.0,0
340,0.0,0.0,0
341,0.0,0.0,0
342,0.0,0.0,0
343,0.0,0.0,0
344,0.0,0.0,0
345,0.0,0.0,0
346,0.0,0.0,0
347,0.0,0.0,0
348,0.0,0.0,0
349,0.0,0.0,0
350,0.0,0.0,0
351,0.0,0.0,0
352,0.0,0.0,0
353,0.0,0.0,0
354,0.0,0.0,0
355,0.0,0.0,0
356,0.0,0.0,0
357,0.0,0.0,0
358,0.0,0.0,0
359,0.0,0.0,0
360,0.0,0.0,0
361,0.0,0.0,0
362,0.0,0.0,0
363,0.0,0.0,0
364,0.0,0.0,0
365,0.0,0.0,0
366,0.0,0.0,0
367,0.0,0.0,0
368,0.0,0.0,0
369,0.0,0.0,0
370,0.0,0.0,0
371,0.0,0.0,0
372,0.0,0.0,0
373,0.0,0.0,0
374,0.0,0.0,0
375,0.0,0.0,0
376,0.0,0.0,0
377,0.0,0.0,0
378,0.0,0.0,0
379,0.0,0.0,0
380,0.0,0.0,0
381,0.0,0.0,0
382,0.0,0.0,0
383,0.0,0.0,0
384,0.0,0.0,0
385,0.0,0.0,0
386,0.0,0.0,0
387,0.0,0.0,0
388,0.0,0.0,0
389,0.0,0.0,0
390,0.0,0.0,0
391,0.0,0.0,0
392,0.0,0.0,0
393,0.0,0.0,0
394,0.0,0.0,0
395,0.0,0.0,0
396,0.0,0.0,0
397,0.0,0.0,0
398,0.0,0.0,0
399,0.0,0.0,0
0,0.0,0.0,0
1,0.0,0.0,0
2,0.0,0.0,0
3,0.0,0.0,0
4,0.0,0.0,0
5,0.0,0.0,0
6,0.0,0.0,0
7,0.0,0.0,0
8,0.0,0.0,0
9,0.0,0.0,0
10,0.0,0.0,0
11,0.0,0.0,0
12,0.0,0.0,0
13,0.0,0.0,0
14,0.0,0.0,0
15,0.0,0.0,0
16,0.0,0.0,0
17,0.0,0.0,0
18,0.0,0.0,0
19,0.0,0.0,0
20,0.0,0.0,0
21,0.0,0.0,0
22,0.0,0.0,0
23,0.0,0.0,0
24,0.0,0.0,0
25,0.0,0.0,0
26,0.0,0.0,0
27,0.0,0.0,0
28,0.0,0.0,0
29,0.0,0.0,0
30,0.0,0.0,0
31,0.0,0.0,0
32,0.0,0.0,0
33,0.0,0.0,0
34,0.0,0.0,0
35,0.0,0.0,0
36,0.0,0.0,0
37,0.0,0.0,0
38,0.0,0.0,0
39,0.0,0.0,0
40,0.0,0.0,0
41,0.0,0.0,0
42,0.0,0.0,0
43,0.0,0.0,0
44,0.0,0.0,0
45,0.0,0.0,0
46,0.0,0.0,0
47,0.0,0.0,0
48,0.0,0.0,0
49,0.0,0.0,0
50,0.0,0.0,0
51,0.0,0.0,0
52,0.0,0.0,0
53,0.0,0.0,0
54,0.0,0.0,0
55,0.0,0.0,0
56,0.0,0.0,0
57,0.0,0.0,0
58,0.0,0.0,0
59,0.0,0.0,0
60,0.0,0.0,0
61,0.0,0.0,0
62,0.0,0.0,0
63,0.0,0.0,0
64,0.0,0.0,0
65,0.0,0.0,0
66,0.0,0.0,0
67,0.0,0.0,0
68,0.0,0.0,0
69,0.0,0.0,0
70,0.0,0.0,0
71,0.0,0.0,0
72,0.0,0.0,0
73,0.0,0.0,0
74,0.0,0.0,0
75,0.0,0.0,0
76,0.0,0.0,0
77,0.0,0.0,0
78,0.0,0.0,0
79,0.0,0.0,0
80,0.0,0.0,0
81,0.0,0.0,0
82,0.0,0.0,0
83,0.0,0.0,0
84,0.0,0.0,0
85,0.0,0.0,0
86,0.0,0.0,0
87,0.0,0.0,0
88,0.0,0.0,0
89,0.0,0.0,0
90,0.0,0.0,0
91,0.0,0.0,0
92,0.0,0.0,0
93,0.0,0.0,0
94,0.0,0.0,0
95,0.0,0.0,0
96,0.0,0.0,0
97,0.0,0.0,0
98,0.0,0.0,0
99,0.0,0.0,0
100,0.0,0.0,0
101,0.0,0.0,0
102,0.0,0.0,0
103,0.0,0.0,0
104,0.0,0.0,0
105,0.0,0.0,0
106,0.0,0.0,0
107,0.0,0.0,0
108,0.0,0.0,0
109,0.0,0.0,0
110,0.0,0.0,0
111,0.0,0.0,0
112,0.0,0.0,0
113,0.0,0.0,0
114,0.0,0.0,0
115,0.0,0.0,0
116,0.0,0.0,0
117,0.0,0.0,0
118,0.0,0.0,0
119,0.0,0.0,0
120,0.0,0.0,0
121,0.0,0.0,0
122,0.0,0.0,0
123,0.0,0.0,0
124,0.0,0.0,0
125,0.0,0.0,0
126,0.0,0.0,0
127,0.0,0.0,0
128,0.0,0.0,0
129,0.0,0.0,0
130,0.0,0.0,0
131,0.0,0.0,0
132,0.0,0.0,0
133,0.0,0.0,0
134,0.0,0.0,0
135,0.0,0.0,0
136,0.0,0.0,0
137,0.0,0.0,0
138,0.0,0.0,0
139,0.0,0.0,0
140,0.0,0.0,0
141,0.0,0.0,0
142,0.0,0.0,0
143,0.0,0.0,0
144,0.0,0.0,0
145,0.0,0.0,0
146,0.0,0.0,0
147,0.0,0.0,0
148,0.0,0.0,0
149,0.0,0.0,0
150,0.0,0.0,0
151,0.0,0.0,0
152,0.0,0.0,0
153,0.0,0.0,0
154,0.0,0.0,0
155,0.0,0.0,0
156,0.0,0.0,0
157,0.0,0.0,0
158,0.0,0.0,0
159,0.0,0.0,0
160,0.0,0.0,0
161,0.0,0.0,0
162,0.0,0.0,0
163,0.0,0.0,0
164,0.0,0.0,0
165,0.0,0.0,0
166,0.0,0.0,0
167,0.0,0.0,0
168,0.0,0.0,0
169,0.0,0.0,0
170,0.0,0.0,0
171,0.0,0.0,0
172,0.0,0.0,0
173,0.0,0.0,0
174,0.0,0.0,0
175,0.0,0.0,0
176,0.0,0.0,0
177,0.0,0.0,0
178,0.0,0.0,0
179,0.0,0.0,0
180,0.0,0.0,0
181,0.0,0.0,0
182,0.0,0.0,0
183,0.0,0.0,0
184,0.0,0.0,0
185,0.0,0.0,0
186,0.0,0.0,0
187,0.0,0.0,0
188,0.0,0.0,0
189,0.0,0.0,0
190,0.0,0.0,0
191,0.0,0.0,0
192,0.0,0.0,0
193,0.0,0.0,0
194,0.0,0.0,0
195,0.0,0.0,0
196,0.0,0.0,0
197,0.0,0.0,0
198,0.0,0.0,0
199,0.0,0.0,0
200,0.0,0.0,0
201,0.0,0.0,0
202,0.0,0.0,0
203,0.0,0.0,0
204,0.0,0.0,0
205,0.0,0.0,0
206,0.0,0.0,0
207,0.0,0.0,0
208,0.0,0.0,0
209,0.0,0.0,0
210,0.0,0.0,0
211,0.0,0.0,0
212,0.0,0.0,0
213,0.0,0.0,0
214,0.0,0.0,0
215,0.0,0.0,0
216,0.0,0.0,0
217,0.0,0.0,0
218,0.0,0.0,0
219,0.0,0.0,0
220,0.0,0.0,0
221,0.0,0.0,0
222,0.0,0.0,0
223,0.0,0.0,0
224,0.0,0.0,0
225,0.0,0.0,0
226,0.0,0.0,0
227,0.0,0.0,0
228,0.0,0.0,0
229,0.0,0.0,0
230,0.0,0.0,0
231,0.0,0.0,0
232,0.0,0.0,0
233,0.0,0.0,0
234,0.0,0.0,0
235,0.0,0.0,0
236,0.0,0.0,0
237,0.0,0.0,0
238,0.0,0.0,0
239,0.0,0.0,0
240,0.0,0.0,0
241,0.0,0.0,0
242,0.0,0.0,0
243,0.0,0.0,0
244,0.0,0.0,0
245,0.0,0.0,0
246,0.0,0.0,0
247,0.0,0.0,0
248,0.0,0.0,0
249,0.0,0.0,0
250,0.0,0.0,0
251,0.0,0.0,0
252,0.0,0.0,0
253,0.0,0.0,0
254,0.0,0.0,0
255,0.0,0.0,0
256,0.0,0.0,0
257,0.0,0.0,0
258,0.0,0.0,0
259,0.0,0.0,0
260,0.0,0.0,0
261,0.0,0.0,0
262,0.0,0.0,0
263,0.0,0.0,0
264,0.0,0.0,0
265,0.0,0.0,0
266,0.0,0.0,0
267,0.0,0.0,0
268,0.0,0.0,0
269,0.0,0.0,0
270,0.0,0.0,0
271,0.0,0.0,0
272,0.0,0.0,0
273,0.0,0.0,0
274,0.0,0.0,0
275,0.0,0.0,0
276,0.0,0.0,0
277,0.0,0.0,0
278,0.0,0.0,0
279,0.0,0.0,0
280,0.0,0.0,0
281,0.0,0.0,0
282,0.0,0.0,0
283,0.0,0.0,0
284,0.0,0.0,0
285,0.0,0.0,0
286,0.0,0.0,0
287,0.0,0.0,0
288,0.0,0.0,0
289,0.0,0.0,0
290,0.0,0.0,0
291,0.0,0.0,0
292,0.0,0.0,0
293,0.0,0.0,0
294,0.0,0.0,0
295,0.0,0.0,0
296,0.0,0.0,0
297,0.0,0.0,0
298,0.0,0.0,0
299,0.0,0.0,0
300,0.0,0.0,0
301,0.0,0.0,0
302,0.0,0.0,0
303,0.0,0.0,0
304,0.0,0.0,0
305,0.0,0.0,0
306,0.0,0.0,0
307,0.0,0.0,0
308,0.0,0.0,0
309,0.0,0.0,0
310,0.0,0.0,0
311,0.0,0.0,0
312,0.0,0.0,0
313,0.0,0.0,0
314,0.0,0.0,0
315,0.0,0.0,0
316,0.0,0.0,0
317,0.0,0.0,0
318,0.0,0.0,0
319,0.0,0.0,0
320,0.0,0.0,0
321,0.0,0.0,0
322,0.0,0.0,0
323,0.0,0.0,0
324,0.0,0.0,0
325,0.0,0.0,0
326,0.0,0.0,0
327,0.0,0.0,0
328,0.0,0.0,0
329,0.0,0.0,0
330,0.0,0.0,0
331,0.0,0.0,0
332,0.0,0.0,0
333,0.0,0.0,0
334,0.0,0.0,0
335,0.0,0.0,0
336,0.0,0.0,0
337,0.0,0.0,0
338,0.0,0.0,0
339,0.0,0.0,0
340,0.0,0.0,0
341,0.0,0.0,0
342,0.0,0.0,0
343,0.0,0.0,0
344,0.0,0.0,0
345,0.0,0.0,0
346,0.0,0.0,0
347,0.0,0.0,0
348,0.0,0.0,0
349,0.0,0.0,0
350,0.0,0.0,0
351,0.0,0.0,0
352,0.0,0.0,0
353,0.0,0.0,0
354,0.0,0.0,0
355,0.0,0.0,0
356,0.0,0.0,0
357,0.0,0.0,0
358,0.0,0.0,0
359,0.0,0.0,0
360,0.0,0.0,0
361,0.0,0.0,0
362,0.0,0.0,0
363,0.0,0.0,0
364,0.0,0.0,0
365,0.0,0.0,0
366,0.0,0.0,0
367,0.0,0.0,0
368,0.0,0.0,0
369,0.0,0.0,0
370,0.0,0.0,0
371,0.0,0.0,0
372,0.0,0.0,0
373,0.0,0.0,0
374,0.0,0.0,0
375,0.0,0.0,0
376,0.0,0.0,0
377,0.0,0.0,0
378,0.0,0.0,0
379,0.0,0.0,0
380,0.0,0.0,0
381,0.0,0.0,0
382,0.0,0.0,0
383,0.0,0.0,0
384,0.0,0.0,0
385,0.0,0.0,0
386,0.0,0.0,0
387,0.0,0.0,0
388,0.0,0.0,0
389,0.0,0.0,0
390,0.0,0.0,0
391,0.0,0.0,0
392,0.0,0.0,0
393,0.0,0.0,0
394,0.0,0.0,0
395,0.0,0.0,0
396,0.0,0.0,0
397,0.0,0.0,0
398,0.0,0.0,0
399,0.0,0.0,0
0,0.0,0.0,0
1,0.0,0.0,0
2,0.0,0.0,0
3,0.0,0.0,0
4,0.0,0.0,0
5,0.0,0.0,0
6,0.0,0.0,0
7,0.0,0.0,0
8,0.0,0.0,0
9,0.0,0.0,0
10,0.0,0.0,0
11,0.0,0.0,0
12,0.0,0.0,0
13,0.0,0.0,0
14,0.0,0.0,0
15,0.0,0.0,0
16,0.0,0.0,0
17,0.0,0.0,0
18,0.0,0.0,0
19,0.0,0.0,0
20,0.0,0.0,0
21,0.0,0.0,0
22,0.0,0.0,0
23,0.0,0.0,0
24,0.0,0.0,0
25,0.0,0.0,0
26,0.0,0.0,0
27,0.0,0.0,0
28,0.0,0.0,0
29,0.0,0.0,0
30,0.0,0.0,0
31,0.0,0.0,0
32,0.0,0.0,0
33,0.0,0.0,0
34,0.0,0.0,0
35,0.0,0.0,0
36,0.0,0.0,0
37,0.0,0.0,0
38,0.0,0.0,0
39,0.0,0.0,0
40,0.0,0.0,0
41,0.0,0.0,0
42,0.0,0.0,0
43,0.0,0.0,0
44,0.0,0.0,0
45,0.0,0.0,0
46,0.0,0.0,0
47,0.0,0.0,0
48,0.0,0.0,0
49,0.0,0.0,0
50,0.0,0.0,0
51,0.0,0.0,0
52,0.0,0.0,0
53,0.0,0.0,0
54,0.0,0.0,0
55,0.0,0.0,0
56,0.0,0.0,0
57,0.0,0.0,0
58,0.0,0.0,0
59,0.0,0.0,0
60,0.0,0.0,0
61,0.0,0.0,0
62,0.0,0.0,0
63,0.0,0.0,0
64,0.0,0.0,0
65,0.0,0.0,0
66,0.0,0.0,0
67,0.0,0.0,0
68,0.0,0.0,0
69,0.0,0.0,0
70,0.0,0.0,0
71,0.0,0.0,0
72,0.0,0.0,0
73,0.0,0.0,0
74,0.0,0.0,0
75,0.0,0.0,0
76,0.0,0.0,0
77,0.0,0.0,0
78,0.0,0.0,0
79,0.0,0.0,0
80,0.0,0.0,0
81,0.0,0.0,0
82,0.0,0.0,0
83,0.0,0.0,0
84,0.0,0.0,0
85,0.0,0.0,0
86,0.0,0.0,0
87,0.0,0.0,0
88,0.0,0.0,0
89,0.0,0.0,0
90,0.0,0.0,0
91,0.0,0.0,0
92,0.0,0.0,0
93,0.0,0.0,0
94,0.0,0.0,0
95,0.0,0.0,0
96,0.0,0.0,0
97,0.0,0.0,0
98,0.0,0.0,0
99,0.0,0.0,0
100,0.0,0.0,0
101,0.0,0.0,0
102,0.0,0.0,0
103,0.0,0.0,0
104,0.0,0.0,0
105,0.0,0.0,0
106,0.0,0.0,0
107,0.0,0.0,0
108,0.0,0.0,0
109,0.0,0.0,0
110,0.0,0.0,0
111,0.0,0.0,0
112,0.0,0.0,0
113,0.0,0.0,0
114,0.0,0.0,0
115,0.0,0.0,0
116,0.0,0.0,0
117,0.0,0.0,0
118,0.0,0.0,0
119,0.0,0.0,0
120,0.0,0.0,0
121,0.0,0.0,0
122,0.0,0.0,0
123,0.0,0.0,0
124,0.0,0.0,0
125,0.0,0.0,0
126,0.0,0.0,0
127,0.0,0.0,0
128,0.0,0.0,0
129,0.0,0.0,0
130,0.0,0.0,0
131,0.0,0.0,0
132,0.0,0.0,0
133,0.0,0.0,0
134,0.0,0.0,0
135,0.0,0.0,0
136,0.0,0.0,0
137,0.0,0.0,0
138,0.0,0.0,0
139,0.0,0.0,0
140,0.0,0.0,0
141,0.0,0.0,0
142,0.0,0.0,0
143,0.0,0.0,0
144,0.0,0.0,0
145,0.0,0.0,0
146,0.0,0.0,0
147,0.0,0.0,0
148,0.0,0.0,0
149,0.0,0.0,0
150,0.0,0.0,0
151,0.0,0.0,0
152,0.0,0.0,0
153,0.0,0.0,0
154,0.0,0.0,0
155,0.0,0.0,0
156,0.0,0.0,0
157,0.0,0.0,0
158,0.0,0.0,0
159,0.0,0.0,0
160,0.0,0.0,0
161,0.0,0.0,0
162,0.0,0.0,0
163,0.0,0.0,0
164,0.0,0.0,0
165,0.0,0.0,0
166,0.0,0.0,0
167,0.0,0.0,0
168,0.0,0.0,0
169,0.0,0.0,0
170,0.0,0.0,0
171,0.0,0.0,0
172,0.0,0.0,0
173,0.0,0.0,0
174,0.0,0.0,0
175,0.0,0.0,0
176,0.0,0.0,0
177,0.0,0.0,0
178,0.0,0.0,0
179,0.0,0.0,0
180,0.0,0.0,0
181,0.0,0.0,0
182,0.0,0.0,0
183,0.0,0.0,0
184,0.0,0.0,0
185,0.0,0.0,0
186,0.0,0.0,0
187,0.0,0.0,0
188,0.0,0.0,0
189,0.0,0.0,0
190,0.0,0.0,0
191,0.0,0.0,0
192,0.0,0.0,0
193,0.0,0.0,0
194,0.0,0.0,0
195,0.0,0.0,0
196,0.0,0.0,0
197,0.0,0.0,0
198,0.0,0.0,0
199,0.0,0.0,0
200,0.0,0.0,0
201,0.0,0.0,0
202,0.0,0.0,0
203,0.0,0.0,0
204,0.0,0.0,0
205,0.0,0.0,0
206,0.0,0.0,0
207,0.0,0.0,0
208,0.0,0.0,0
209,0.0,0.0,0
210,0.0,0.0,0
211,0.0,0.0,0
212,0.0,0.0,0
213,0.0,0.0,0
214,0.0,0.0,0
215,0.0,0.0,0
216,0.0,0.0,0
217,0.0,0.0,0
218,0.0,0.0,0
219,0.0,0.0,0
220,0.0,0.0,0
221,0.0,0.0,0
222,0.0,0.0,0
223,0.0,0.0,0
224,0.0,0.0,0
225,0.0,0.0,0
226,0.0,0.0,0
227,0.0,0.0,0
228,0.0,0.0,0
229,0.0,0.0,0
230,0.0,0.0,0
231,0.0,0.0,0
232,0.0,0.0,0
233,0.0,0.0,0
234,0.0,0.0,0
235,0.0,0.0,0
236,0.0,0.0,0
237,0.0,0.0,0
238,0.0,0.0,0
239,0.0,0.0,0
240,0.0,0.0,0
241,0.0,0.0,0
242,0.0,0.0,0
243,0.0,0.0,0
244,0.0,0.0,0
245,0.0,0.0,0
246,0.0,0.0,0
247,0.0,0.0,0
248,0.0,0.0,0
249,0.0,0.0,0
250,0.0,0.0,0
251,0.0,0.0,0
252,0.0,0.0,0
253,0.0,0.0,0
254,0.0,0.0,0
255,0.0,0.0,0
256,0.0,0.0,0
257,0.0,0.0,0
258,0.0,0.0,0
259,0.0,0.0,0
260,0.0,0.0,0
261,0.0,0.0,0
262,0.0,0.0,0
263,0.0,0.0,0
264,0.0,0.0,0
265,0.0,0.0,0
266,0.0,0.0,0
267,0.0,0.0,0
268,0.0,0.0,0
269,0.0,0.0,0
270,0.0,0.0,0
271,0.0,0.0,0
272,0.0,0.0,0
273,0.0,0.0,0
274,0.0,0.0,0
275,0.0,0.0,0
276,0.0,0.0,0
277,0.0,0.0,0
278,0.0,0.0,0
279,0.0,0.0,0
280,0.0,0.0,0
281,0.0,0.0,0
282,0.0,0.0,0
283,0.0,0.0,0
284,0.0,0.0,0
285,0.0,0.0,0
286,0.0,0.0,0
287,0.0,0.0,0
288,0.0,0.0,0
289,0.0,0.0,0
290,0.0,0.0,0
291,0.0,0.0,0
292,0.0,0.0,0
293,0.0,0.0,0
294,0.0,0.0,0
295,0.0,0.0,0
296,0.0,0.0,0
297,0.0,0.0,0
298,0.0,0.0,0
299,0.0,0.0,0
300,0.0,0.0,0
301,0.0,0.0,0
302,0.0,0.0,0
303,0.0,0.0,0
304,0.0,0.0,0
305,0.0,0.0,0
306,0.0,0.0,0
307,0.0,0.0,0
308,0.0,0.0,0
309,0.0,0.0,0
310,0.0,0.0,0
311,0.0,0.0,0
312,0.0,0.0,0
313,0.0,0.0,0
314,0.0,0.0,0
315,0.0,0.0,0
316,0.0,0.0,0
317,0.0,0.0,0
318,0.0,0.0,0
319,0.0,0.0,0
320,0.0,0.0,0
321,0.0,0.0,0
322,0.0,0.0,0
323,0.0,0.0,0
324,0.0,0.0,0
325,0.0,0.0,0
326,0.0,0.0,0
327,0.0,0.0,0
328,0.0,0.0,0
329,0.0,0.0,0
330,0.0,0.0,0
331,0.0,0.0,0
332,0.0,0.0,0
333,0.0,0.0,0
334,0.0,0.0,0
335,0.0,0.0,0
336,0.0,0.0,0
337,0.0,0.0,0
338,0.0,0.0,0
339,0.0,0.0,0
340,0.0,0.0,0
341,0.0,0.0,0
342,0.0,0.0,0
343,0.0,0.0,0
344,0.0,0.0,0
345,0.0,0.0,0
346,0.0,0.0,0
347,0.0,0.0,0
348,0.0,0.0,0
349,0.0,0.0,0
350,0.0,0.0,0
351,0.0,0.0,0
352,0.0,0.0,0
353,0.0,0.0,0
354,0.0,0.0,0
355,0.0,0.0,0
356,0.0,0.0,0
357,0.0,0.0,0
358,0.0,0.0,0
359,0.0,0.0,0
360,0.0,0.0,0
361,0.0,0.0,0
362,0.0,0.0,0
363,0.0,0.0,0
364,0.0,0.0,0
365,0.0,0.0,0
366,0.0,0.0,0
367,0.0,0.0,0
368,0.0,0.0,0
369,0.0,0.0,0
370,0.0,0.0,0
371,0.0,0.0,0
372,0.0,0.0,0
373,0.0,0.0,0
374,0.0,0.0,0
375,0.0,0.0,0
376,0.0,0.0,0
377,0.0,0.0,0
378,0.0,0.0,0
379,0.0,0.0,0
380,0.0,0.0,0
381,0.0,0.0,0
382,0.0,0.0,0
383,0.0,0.0,0
384,0.0,0.0,0
385,0.0,0.0,0
386,0.0,0.0,0
387,0.0,0.0,0
388,0.0,0.0,0
389,0.0,0.0,0
390,0.0,0.0,0
391,0.0,0.0,0
392,0.0,0.0,0
393,0.0,0.0,0
394,0.0,0.0,0
395,0.0,0.0,0
396,0.0,0.0,0
397,0.0,0.0,0
398,0.0,0.0,0
399,0.0,0.0,0
0,0.0,0.0,0
1,0.0,0.0,0
2,0.0,0.0,0
3,0.0,0.0,0
4,0.0,0.0,0
5,0.0,0.0,0
6,0.0,0.0,0
7,0.0,0.0,0
8,0.0,0.0,0
9,0.0,0.0,0
10,0.0,0.0,0
11,0.0,0.0,0
12,0.0,0.0,0
13,0.0,0.0,0
14,0.0,0.0,0
15,0.0,0.0,0
16,0.0,0.0,0
17,0.0,0.0,0
18,0.0,0.0,0
19,0.0,0.0,0
20,0.0,0.0,0
21,0.0,0.0,0
22,0.0,0.0,0
23,0.0,0.0,0
24,0.0,0.0,0
25,0.0,0.0,0
26,0.0,0.0,0
27,0.0,0.0,0
28,0.0,0.0,0
29,0.0,0.0,0
30,0.0,0.0,0
31,0.0,0.0,0
32,0.0,0.0,0
33,0.0,0.0,0
34,0.0,0.0,0
35,0.0,0.0,0
36,0.0,0.0,0
37,0.0,0.0,0
38,0.0,0.0,0
39,0.0,0.0,0
40,0.0,0.0,0
41,0.0,0.0,0
42,0.0,0.0,0
43,0.0,0.0,0
44,0.0,0.0,0
45,0.0,0.0,0
46,0.0,0.0,0
47,0.0,0.0,0
48,0.0,0.0,0
49,0.0,0.0,0
50,0.0,0.0,0
51,0.0,0.0,0
52,0.0,0.0,0
53,0.0,0.0,0
54,0.0,0.0,0
55,0.0,0.0,0
56,0.0,0.0,0
57,0.0,0.0,0
58,0.0,0.0,0
59,0.0,0.0,0
60,0.0,0.0,0
61,0.0,0.0,0
62,0.0,0.0,0
63,0.0,0.0,0
64,0.0,0.0,0
65,0.0,0.0,0
66,0.0,0.0,0
67,0.0,0.0,0
68,0.0,0.0,0
69,0.0,0.0,0
70,0.0,0.0,0
71,0.0,0.0,0
72,0.0,0.0,0
73,0.0,0.0,0
74,0.0,0.0,0
75,0.0,0.0,0
76,0.0,0.0,0
77,0.0,0.0,0
78,0.0,0.0,0
79,0.0,0.0,0
80,0.0,0.0,0
81,0.0,0.0,0
82,0.0,0.0,0
83,0.0,0.0,0
84,0.0,0.0,0
85,0.0,0.0,0
86,0.0,0.0,0
87,0.0,0.0,0
88,0.0,0.0,0
89,0.0,0.0,0
90,0.0,0.0,0
91,0.0,0.0,0
92,0.0,0.0,0
93,0.0,0.0,0
94,0.0,0.0,0
95,0.0,0.0,0
96,0.0,0.0,0
97,0.0,0.0,0
98,0.0,0.0,0
99,0.0,0.0,0
100,0.0,0.0,0
